Timing Analyzer report for screener
Wed Oct  7 21:28:24 2026
Quartus Prime Version 24.1std.0 Build 1077 03/04/2025 SC Lite Edition


---------------------
; Table of Contents ;
---------------------
  1. Legal Notice
  2. Timing Analyzer Summary
  3. Parallel Compilation
  4. SDC File List
  5. Clocks
  6. Slow 1100mV 100C Model Fmax Summary
  7. Timing Closure Recommendations
  8. Slow 1100mV 100C Model Setup Summary
  9. Slow 1100mV 100C Model Hold Summary
 10. Slow 1100mV 100C Model Recovery Summary
 11. Slow 1100mV 100C Model Removal Summary
 12. Slow 1100mV 100C Model Minimum Pulse Width Summary
 13. Slow 1100mV 100C Model Setup: 'clk50'
 14. Slow 1100mV 100C Model Hold: 'clk50'
 15. Slow 1100mV 100C Model Recovery: 'clk50'
 16. Slow 1100mV 100C Model Removal: 'clk50'
 17. Slow 1100mV 100C Model Metastability Summary
 18. Slow 1100mV -40C Model Fmax Summary
 19. Slow 1100mV -40C Model Setup Summary
 20. Slow 1100mV -40C Model Hold Summary
 21. Slow 1100mV -40C Model Recovery Summary
 22. Slow 1100mV -40C Model Removal Summary
 23. Slow 1100mV -40C Model Minimum Pulse Width Summary
 24. Slow 1100mV -40C Model Setup: 'clk50'
 25. Slow 1100mV -40C Model Hold: 'clk50'
 26. Slow 1100mV -40C Model Recovery: 'clk50'
 27. Slow 1100mV -40C Model Removal: 'clk50'
 28. Slow 1100mV -40C Model Metastability Summary
 29. Fast 1100mV 100C Model Setup Summary
 30. Fast 1100mV 100C Model Hold Summary
 31. Fast 1100mV 100C Model Recovery Summary
 32. Fast 1100mV 100C Model Removal Summary
 33. Fast 1100mV 100C Model Minimum Pulse Width Summary
 34. Fast 1100mV 100C Model Setup: 'clk50'
 35. Fast 1100mV 100C Model Hold: 'clk50'
 36. Fast 1100mV 100C Model Recovery: 'clk50'
 37. Fast 1100mV 100C Model Removal: 'clk50'
 38. Fast 1100mV 100C Model Metastability Summary
 39. Fast 1100mV -40C Model Setup Summary
 40. Fast 1100mV -40C Model Hold Summary
 41. Fast 1100mV -40C Model Recovery Summary
 42. Fast 1100mV -40C Model Removal Summary
 43. Fast 1100mV -40C Model Minimum Pulse Width Summary
 44. Fast 1100mV -40C Model Setup: 'clk50'
 45. Fast 1100mV -40C Model Hold: 'clk50'
 46. Fast 1100mV -40C Model Recovery: 'clk50'
 47. Fast 1100mV -40C Model Removal: 'clk50'
 48. Fast 1100mV -40C Model Metastability Summary
 49. Multicorner Timing Analysis Summary
 50. Board Trace Model Assignments
 51. Input Transition Times
 52. Signal Integrity Metrics (Slow 1100mv n40c Model)
 53. Signal Integrity Metrics (Slow 1100mv 100c Model)
 54. Signal Integrity Metrics (Fast 1100mv n40c Model)
 55. Signal Integrity Metrics (Fast 1100mv 100c Model)
 56. Setup Transfers
 57. Hold Transfers
 58. Recovery Transfers
 59. Removal Transfers
 60. Report TCCS
 61. Report RSKM
 62. Unconstrained Paths Summary
 63. Clock Status Summary
 64. Timing Analyzer Messages



----------------
; Legal Notice ;
----------------
Copyright (C) 2025  Altera Corporation. All rights reserved.
Your use of Altera Corporation's design tools, logic functions 
and other software and tools, and any partner logic 
functions, and any output files from any of the foregoing 
(including device programming or simulation files), and any 
associated documentation or information are expressly subject 
to the terms and conditions of the Altera Program License 
Subscription Agreement, the Altera Quartus Prime License Agreement,
the Altera IP License Agreement, or other applicable license
agreement, including, without limitation, that your use is for
the sole purpose of programming logic devices manufactured by
Altera and sold by Altera or its authorized distributors.  Please
refer to the Altera Software License Subscription Agreements 
on the Quartus Prime software download page.



+---------------------------------------------------------------------------------+
; Timing Analyzer Summary                                                         ;
+-----------------------+---------------------------------------------------------+
; Quartus Prime Version ; Version 24.1std.0 Build 1077 03/04/2025 SC Lite Edition ;
; Timing Analyzer       ; Legacy Timing Analyzer                                  ;
; Revision Name         ; screener                                                ;
; Device Family         ; Cyclone V                                               ;
; Device Name           ; 5CSEBA6U23I7                                            ;
; Timing Models         ; Final                                                   ;
; Delay Model           ; Combined                                                ;
; Rise/Fall Delays      ; Enabled                                                 ;
+-----------------------+---------------------------------------------------------+


+------------------------------------------+
; Parallel Compilation                     ;
+----------------------------+-------------+
; Processors                 ; Number      ;
+----------------------------+-------------+
; Number detected on machine ; 16          ;
; Maximum allowed            ; 16          ;
;                            ;             ;
; Average used               ; 4.83        ;
; Maximum used               ; 16          ;
;                            ;             ;
; Usage by Processor         ; % Time Used ;
;     Processor 1            ; 100.0%      ;
;     Processor 2            ;  38.9%      ;
;     Processor 3            ;  35.7%      ;
;     Processor 4            ;  35.2%      ;
;     Processor 5            ;  22.8%      ;
;     Processor 6            ;  22.8%      ;
;     Processor 7            ;  22.8%      ;
;     Processor 8            ;  22.8%      ;
;     Processor 9            ;  22.8%      ;
;     Processor 10           ;  22.8%      ;
;     Processor 11           ;  22.8%      ;
;     Processor 12           ;  22.7%      ;
;     Processor 13           ;  22.7%      ;
;     Processor 14           ;  22.7%      ;
;     Processor 15           ;  22.7%      ;
;     Processor 16           ;  22.7%      ;
+----------------------------+-------------+


+---------------------------------------------------+
; SDC File List                                     ;
+---------------+--------+--------------------------+
; SDC File Path ; Status ; Read at                  ;
+---------------+--------+--------------------------+
; screener.sdc  ; OK     ; Wed Oct  7 21:28:00 2026 ;
+---------------+--------+--------------------------+


+------------------------------------------------------------------------------------------------------------------------------------------------------------------------------------------+
; Clocks                                                                                                                                                                                   ;
+------------+------+--------+-----------+-------+--------+------------+-----------+-------------+-------+--------+-----------+------------+----------+--------+--------+------------------+
; Clock Name ; Type ; Period ; Frequency ; Rise  ; Fall   ; Duty Cycle ; Divide by ; Multiply by ; Phase ; Offset ; Edge List ; Edge Shift ; Inverted ; Master ; Source ; Targets          ;
+------------+------+--------+-----------+-------+--------+------------+-----------+-------------+-------+--------+-----------+------------+----------+--------+--------+------------------+
; clk50      ; Base ; 20.000 ; 50.0 MHz  ; 0.000 ; 10.000 ;            ;           ;             ;       ;        ;           ;            ;          ;        ;        ; { FPGA_CLK1_50 } ;
+------------+------+--------+-----------+-------+--------+------------+-----------+-------------+-------+--------+-----------+------------+----------+--------+--------+------------------+


+-------------------------------------------------+
; Slow 1100mV 100C Model Fmax Summary             ;
+-----------+-----------------+------------+------+
; Fmax      ; Restricted Fmax ; Clock Name ; Note ;
+-----------+-----------------+------------+------+
; 78.35 MHz ; 78.35 MHz       ; clk50      ;      ;
+-----------+-----------------+------------+------+
This panel reports FMAX for every clock in the design, regardless of the user-specified clock periods.  FMAX is only computed for paths where the source and destination registers or ports are driven by the same clock.  Paths of different clocks, including generated clocks, are ignored.  For paths between a clock and its inversion, FMAX is computed as if the rising and falling edges are scaled along with FMAX, such that the duty cycle (in terms of a percentage) is maintained. Altera recommends that you always use clock constraints and other slack reports for sign-off analysis.


----------------------------------
; Timing Closure Recommendations ;
----------------------------------
HTML report is unavailable in plain text report export.


+--------------------------------------+
; Slow 1100mV 100C Model Setup Summary ;
+-------+-------+----------------------+
; Clock ; Slack ; End Point TNS        ;
+-------+-------+----------------------+
; clk50 ; 7.236 ; 0.000                ;
+-------+-------+----------------------+


+-------------------------------------+
; Slow 1100mV 100C Model Hold Summary ;
+-------+-------+---------------------+
; Clock ; Slack ; End Point TNS       ;
+-------+-------+---------------------+
; clk50 ; 0.259 ; 0.000               ;
+-------+-------+---------------------+


+-----------------------------------------+
; Slow 1100mV 100C Model Recovery Summary ;
+-------+--------+------------------------+
; Clock ; Slack  ; End Point TNS          ;
+-------+--------+------------------------+
; clk50 ; 12.065 ; 0.000                  ;
+-------+--------+------------------------+


+----------------------------------------+
; Slow 1100mV 100C Model Removal Summary ;
+-------+-------+------------------------+
; Clock ; Slack ; End Point TNS          ;
+-------+-------+------------------------+
; clk50 ; 3.773 ; 0.000                  ;
+-------+-------+------------------------+


+----------------------------------------------------+
; Slow 1100mV 100C Model Minimum Pulse Width Summary ;
+-------+-------+------------------------------------+
; Clock ; Slack ; End Point TNS                      ;
+-------+-------+------------------------------------+
; clk50 ; 8.811 ; 0.000                              ;
+-------+-------+------------------------------------+


+---------------------------------------------------------------------------------------------------------------------------------------------------------------------------+
; Slow 1100mV 100C Model Setup: 'clk50'                                                                                                                                     ;
+-------+-----------------------------------+---------------------------------------------------------+--------------+-------------+--------------+------------+------------+
; Slack ; From Node                         ; To Node                                                 ; Launch Clock ; Latch Clock ; Relationship ; Clock Skew ; Data Delay ;
+-------+-----------------------------------+---------------------------------------------------------+--------------+-------------+--------------+------------+------------+
; 7.236 ; uart_bridge:u_bridge|writedata[8] ; screener_top:u_screener|key_vault:u_vault|tok_opad[245] ; clk50        ; clk50       ; 20.000       ; -0.510     ; 12.084     ;
; 7.236 ; uart_bridge:u_bridge|writedata[8] ; screener_top:u_screener|key_vault:u_vault|tok_opad[246] ; clk50        ; clk50       ; 20.000       ; -0.510     ; 12.084     ;
; 7.237 ; uart_bridge:u_bridge|writedata[8] ; screener_top:u_screener|key_vault:u_vault|tok_opad[237] ; clk50        ; clk50       ; 20.000       ; -0.514     ; 12.079     ;
; 7.237 ; uart_bridge:u_bridge|writedata[8] ; screener_top:u_screener|key_vault:u_vault|tok_ipad[245] ; clk50        ; clk50       ; 20.000       ; -0.511     ; 12.082     ;
; 7.237 ; uart_bridge:u_bridge|writedata[8] ; screener_top:u_screener|key_vault:u_vault|tok_ipad[239] ; clk50        ; clk50       ; 20.000       ; -0.515     ; 12.078     ;
; 7.237 ; uart_bridge:u_bridge|writedata[8] ; screener_top:u_screener|key_vault:u_vault|tok_opad[241] ; clk50        ; clk50       ; 20.000       ; -0.511     ; 12.082     ;
; 7.271 ; uart_bridge:u_bridge|writedata[8] ; screener_top:u_screener|key_vault:u_vault|tok_ipad[253] ; clk50        ; clk50       ; 20.000       ; -0.508     ; 12.051     ;
; 7.271 ; uart_bridge:u_bridge|writedata[8] ; screener_top:u_screener|key_vault:u_vault|tok_ipad[225] ; clk50        ; clk50       ; 20.000       ; -0.508     ; 12.051     ;
; 7.272 ; uart_bridge:u_bridge|writedata[8] ; screener_top:u_screener|key_vault:u_vault|tok_ipad[237] ; clk50        ; clk50       ; 20.000       ; -0.515     ; 12.043     ;
; 7.272 ; uart_bridge:u_bridge|writedata[8] ; screener_top:u_screener|key_vault:u_vault|tok_opad[233] ; clk50        ; clk50       ; 20.000       ; -0.515     ; 12.043     ;
+-------+-----------------------------------+---------------------------------------------------------+--------------+-------------+--------------+------------+------------+


+----------------------------------------------------------------------------------------------------------------------------------------------------------------------------------------------------------------------------------------------+
; Slow 1100mV 100C Model Hold: 'clk50'                                                                                                                                                                                                         ;
+-------+---------------------------------------------------------------------------+------------------------------------------------------------------------------------+--------------+-------------+--------------+------------+------------+
; Slack ; From Node                                                                 ; To Node                                                                            ; Launch Clock ; Latch Clock ; Relationship ; Clock Skew ; Data Delay ;
+-------+---------------------------------------------------------------------------+------------------------------------------------------------------------------------+--------------+-------------+--------------+------------+------------+
; 0.259 ; screener_top:u_screener|hmac_engine:u_hmac|sha256_core:u_core|h_save[120] ; screener_top:u_screener|hmac_engine:u_hmac|sha256_core:u_core|digest[120]          ; clk50        ; clk50       ; 0.000        ; 0.119      ; 0.378      ;
; 0.267 ; screener_top:u_screener|hmac_engine:u_hmac|sha256_core:u_core|h_save[117] ; screener_top:u_screener|hmac_engine:u_hmac|sha256_core:u_core|digest[117]          ; clk50        ; clk50       ; 0.000        ; 0.121      ; 0.388      ;
; 0.273 ; screener_top:u_screener|hmac_engine:u_hmac|sha256_core:u_core|h_save[153] ; screener_top:u_screener|hmac_engine:u_hmac|sha256_core:u_core|digest[153]          ; clk50        ; clk50       ; 0.000        ; 0.119      ; 0.392      ;
; 0.311 ; screener_top:u_screener|hmac_engine:u_hmac|sha256_core:u_core|f[31]       ; screener_top:u_screener|hmac_engine:u_hmac|sha256_core:u_core|digest[95]           ; clk50        ; clk50       ; 0.000        ; 0.126      ; 0.437      ;
; 0.317 ; screener_top:u_screener|key_vault:u_vault|key[20]                         ; screener_top:u_screener|key_vault:u_vault|eng_msg[276]                             ; clk50        ; clk50       ; 0.000        ; 0.506      ; 0.823      ;
; 0.326 ; screener_top:u_screener|hmac_engine:u_hmac|sha256_core:u_core|h_save[111] ; screener_top:u_screener|hmac_engine:u_hmac|sha256_core:u_core|digest[111]          ; clk50        ; clk50       ; 0.000        ; 0.109      ; 0.435      ;
; 0.329 ; screener_top:u_screener|hmac_engine:u_hmac|sha256_core:u_core|f[21]       ; screener_top:u_screener|hmac_engine:u_hmac|sha256_core:u_core|digest[85]           ; clk50        ; clk50       ; 0.000        ; 0.129      ; 0.458      ;
; 0.333 ; screener_top:u_screener|hmac_engine:u_hmac|sha256_core:u_core|h_save[16]  ; screener_top:u_screener|hmac_engine:u_hmac|sha256_core:u_core|digest[16]           ; clk50        ; clk50       ; 0.000        ; 0.102      ; 0.435      ;
; 0.334 ; screener_top:u_screener|hmac_engine:u_hmac|sha256_core:u_core|f[21]       ; screener_top:u_screener|hmac_engine:u_hmac|sha256_core:u_core|digest[85]~DUPLICATE ; clk50        ; clk50       ; 0.000        ; 0.122      ; 0.456      ;
; 0.341 ; screener_top:u_screener|txn[105]                                          ; screener_top:u_screener|m_msg[105]                                                 ; clk50        ; clk50       ; 0.000        ; 0.453      ; 0.794      ;
+-------+---------------------------------------------------------------------------+------------------------------------------------------------------------------------+--------------+-------------+--------------+------------+------------+


+----------------------------------------------------------------------------------------------------------------------------------------------------------+
; Slow 1100mV 100C Model Recovery: 'clk50'                                                                                                                 ;
+--------+-------------+-------------------------------------------------------------+--------------+-------------+--------------+------------+------------+
; Slack  ; From Node   ; To Node                                                     ; Launch Clock ; Latch Clock ; Relationship ; Clock Skew ; Data Delay ;
+--------+-------------+-------------------------------------------------------------+--------------+-------------+--------------+------------+------------+
; 12.065 ; rst_sync[2] ; screener_top:u_screener|m_msg[165]                          ; clk50        ; clk50       ; 20.000       ; -0.480     ; 7.285      ;
; 12.069 ; rst_sync[2] ; screener_top:u_screener|m_msg[21]                           ; clk50        ; clk50       ; 20.000       ; -0.477     ; 7.284      ;
; 12.074 ; rst_sync[2] ; screener_top:u_screener|audit_log:u_log|head[155]           ; clk50        ; clk50       ; 20.000       ; -0.474     ; 7.282      ;
; 12.074 ; rst_sync[2] ; screener_top:u_screener|audit_log:u_log|head[36]~DUPLICATE  ; clk50        ; clk50       ; 20.000       ; -0.474     ; 7.282      ;
; 12.074 ; rst_sync[2] ; screener_top:u_screener|audit_log:u_log|head[163]           ; clk50        ; clk50       ; 20.000       ; -0.474     ; 7.282      ;
; 12.075 ; rst_sync[2] ; screener_top:u_screener|audit_log:u_log|head[101]~DUPLICATE ; clk50        ; clk50       ; 20.000       ; -0.471     ; 7.284      ;
; 12.075 ; rst_sync[2] ; screener_top:u_screener|audit_log:u_log|head[68]            ; clk50        ; clk50       ; 20.000       ; -0.472     ; 7.283      ;
; 12.075 ; rst_sync[2] ; screener_top:u_screener|audit_log:u_log|head[35]            ; clk50        ; clk50       ; 20.000       ; -0.472     ; 7.283      ;
; 12.075 ; rst_sync[2] ; screener_top:u_screener|audit_log:u_log|head[219]           ; clk50        ; clk50       ; 20.000       ; -0.471     ; 7.284      ;
; 12.075 ; rst_sync[2] ; screener_top:u_screener|audit_log:u_log|head[27]            ; clk50        ; clk50       ; 20.000       ; -0.472     ; 7.283      ;
+--------+-------------+-------------------------------------------------------------+--------------+-------------+--------------+------------+------------+


+-----------------------------------------------------------------------------------------------------------------------------------------------------+
; Slow 1100mV 100C Model Removal: 'clk50'                                                                                                             ;
+-------+-------------+---------------------------------------------------------+--------------+-------------+--------------+------------+------------+
; Slack ; From Node   ; To Node                                                 ; Launch Clock ; Latch Clock ; Relationship ; Clock Skew ; Data Delay ;
+-------+-------------+---------------------------------------------------------+--------------+-------------+--------------+------------+------------+
; 3.773 ; rst_sync[2] ; screener_top:u_screener|rule_engine:u_rule|cl_hi[9][13] ; clk50        ; clk50       ; 0.000        ; 0.554      ; 4.327      ;
; 3.773 ; rst_sync[2] ; screener_top:u_screener|rule_engine:u_rule|cl_hi[9][12] ; clk50        ; clk50       ; 0.000        ; 0.554      ; 4.327      ;
; 3.774 ; rst_sync[2] ; screener_top:u_screener|rule_engine:u_rule|cl_hi[2][28] ; clk50        ; clk50       ; 0.000        ; 0.554      ; 4.328      ;
; 3.774 ; rst_sync[2] ; screener_top:u_screener|rule_engine:u_rule|cl_hi[2][13] ; clk50        ; clk50       ; 0.000        ; 0.553      ; 4.327      ;
; 3.774 ; rst_sync[2] ; screener_top:u_screener|rule_engine:u_rule|cl_hi[2][6]  ; clk50        ; clk50       ; 0.000        ; 0.553      ; 4.327      ;
; 3.774 ; rst_sync[2] ; screener_top:u_screener|rule_engine:u_rule|cl_hi[2][4]  ; clk50        ; clk50       ; 0.000        ; 0.554      ; 4.328      ;
; 3.774 ; rst_sync[2] ; screener_top:u_screener|rule_engine:u_rule|cl_hi[2][1]  ; clk50        ; clk50       ; 0.000        ; 0.553      ; 4.327      ;
; 3.774 ; rst_sync[2] ; screener_top:u_screener|rule_engine:u_rule|e_bm[0]      ; clk50        ; clk50       ; 0.000        ; 0.553      ; 4.327      ;
; 3.775 ; rst_sync[2] ; screener_top:u_screener|rule_engine:u_rule|cl_hi[0][15] ; clk50        ; clk50       ; 0.000        ; 0.542      ; 4.317      ;
; 3.775 ; rst_sync[2] ; screener_top:u_screener|rule_engine:u_rule|cl_hi[0][22] ; clk50        ; clk50       ; 0.000        ; 0.542      ; 4.317      ;
+-------+-------------+---------------------------------------------------------+--------------+-------------+--------------+------------+------------+


------------------------------------------------
; Slow 1100mV 100C Model Metastability Summary ;
------------------------------------------------
The design MTBF is not calculated because there are no specified synchronizers in the design.
Number of Synchronizer Chains Found: 3
Shortest Synchronizer Chain: 2 Registers
Fraction of Chains for which MTBFs Could Not be Calculated: 1.000
Worst Case Available Settling Time: 29.666 ns




+-------------------------------------------------+
; Slow 1100mV -40C Model Fmax Summary             ;
+-----------+-----------------+------------+------+
; Fmax      ; Restricted Fmax ; Clock Name ; Note ;
+-----------+-----------------+------------+------+
; 77.38 MHz ; 77.38 MHz       ; clk50      ;      ;
+-----------+-----------------+------------+------+
This panel reports FMAX for every clock in the design, regardless of the user-specified clock periods.  FMAX is only computed for paths where the source and destination registers or ports are driven by the same clock.  Paths of different clocks, including generated clocks, are ignored.  For paths between a clock and its inversion, FMAX is computed as if the rising and falling edges are scaled along with FMAX, such that the duty cycle (in terms of a percentage) is maintained. Altera recommends that you always use clock constraints and other slack reports for sign-off analysis.


+--------------------------------------+
; Slow 1100mV -40C Model Setup Summary ;
+-------+-------+----------------------+
; Clock ; Slack ; End Point TNS        ;
+-------+-------+----------------------+
; clk50 ; 7.077 ; 0.000                ;
+-------+-------+----------------------+


+-------------------------------------+
; Slow 1100mV -40C Model Hold Summary ;
+-------+-------+---------------------+
; Clock ; Slack ; End Point TNS       ;
+-------+-------+---------------------+
; clk50 ; 0.244 ; 0.000               ;
+-------+-------+---------------------+


+-----------------------------------------+
; Slow 1100mV -40C Model Recovery Summary ;
+-------+--------+------------------------+
; Clock ; Slack  ; End Point TNS          ;
+-------+--------+------------------------+
; clk50 ; 12.163 ; 0.000                  ;
+-------+--------+------------------------+


+----------------------------------------+
; Slow 1100mV -40C Model Removal Summary ;
+-------+-------+------------------------+
; Clock ; Slack ; End Point TNS          ;
+-------+-------+------------------------+
; clk50 ; 3.737 ; 0.000                  ;
+-------+-------+------------------------+


+----------------------------------------------------+
; Slow 1100mV -40C Model Minimum Pulse Width Summary ;
+-------+-------+------------------------------------+
; Clock ; Slack ; End Point TNS                      ;
+-------+-------+------------------------------------+
; clk50 ; 8.782 ; 0.000                              ;
+-------+-------+------------------------------------+


+-------------------------------------------------------------------------------------------------------------------------------------------------------------------------------------------------------------------------------------------------------------------------+
; Slow 1100mV -40C Model Setup: 'clk50'                                                                                                                                                                                                                                   ;
+-------+--------------------------------------------------------------------------------------------------------------------------------------+----------------------------------------------------+--------------+-------------+--------------+------------+------------+
; Slack ; From Node                                                                                                                            ; To Node                                            ; Launch Clock ; Latch Clock ; Relationship ; Clock Skew ; Data Delay ;
+-------+--------------------------------------------------------------------------------------------------------------------------------------+----------------------------------------------------+--------------+-------------+--------------+------------+------------+
; 7.077 ; screener_top:u_screener|rule_engine:u_rule|altsyncram:sk0_rtl_0|altsyncram_4dn1:auto_generated|ram_block1a46~PORT_B_WRITE_ENABLE_REG ; screener_top:u_screener|rule_engine:u_rule|ua0[64] ; clk50        ; clk50       ; 20.000       ; -1.551     ; 11.202     ;
; 7.094 ; screener_top:u_screener|rule_engine:u_rule|altsyncram:sk0_rtl_0|altsyncram_4dn1:auto_generated|ram_block1a46~PORT_B_WRITE_ENABLE_REG ; screener_top:u_screener|rule_engine:u_rule|ua0[58] ; clk50        ; clk50       ; 20.000       ; -1.551     ; 11.185     ;
; 7.107 ; screener_top:u_screener|rule_engine:u_rule|altsyncram:sk0_rtl_0|altsyncram_4dn1:auto_generated|ram_block1a46~PORT_B_WRITE_ENABLE_REG ; screener_top:u_screener|rule_engine:u_rule|ua0[62] ; clk50        ; clk50       ; 20.000       ; -1.551     ; 11.172     ;
; 7.157 ; screener_top:u_screener|rule_engine:u_rule|altsyncram:sk0_rtl_0|altsyncram_4dn1:auto_generated|ram_block1a40~PORT_B_WRITE_ENABLE_REG ; screener_top:u_screener|rule_engine:u_rule|ua0[64] ; clk50        ; clk50       ; 20.000       ; -1.551     ; 11.122     ;
; 7.172 ; screener_top:u_screener|rule_engine:u_rule|altsyncram:sk1_rtl_0|altsyncram_4dn1:auto_generated|ram_block1a41~PORT_B_WRITE_ENABLE_REG ; screener_top:u_screener|rule_engine:u_rule|ua1[64] ; clk50        ; clk50       ; 20.000       ; -1.700     ; 10.958     ;
; 7.174 ; screener_top:u_screener|rule_engine:u_rule|altsyncram:sk0_rtl_0|altsyncram_4dn1:auto_generated|ram_block1a40~PORT_B_WRITE_ENABLE_REG ; screener_top:u_screener|rule_engine:u_rule|ua0[58] ; clk50        ; clk50       ; 20.000       ; -1.551     ; 11.105     ;
; 7.183 ; screener_top:u_screener|rule_engine:u_rule|altsyncram:sk0_rtl_0|altsyncram_4dn1:auto_generated|ram_block1a46~PORT_B_WRITE_ENABLE_REG ; screener_top:u_screener|rule_engine:u_rule|ua0[60] ; clk50        ; clk50       ; 20.000       ; -1.551     ; 11.096     ;
; 7.187 ; screener_top:u_screener|rule_engine:u_rule|altsyncram:sk0_rtl_0|altsyncram_4dn1:auto_generated|ram_block1a40~PORT_B_WRITE_ENABLE_REG ; screener_top:u_screener|rule_engine:u_rule|ua0[62] ; clk50        ; clk50       ; 20.000       ; -1.551     ; 11.092     ;
; 7.247 ; screener_top:u_screener|rule_engine:u_rule|altsyncram:sk1_rtl_0|altsyncram_4dn1:auto_generated|ram_block1a41~PORT_B_WRITE_ENABLE_REG ; screener_top:u_screener|rule_engine:u_rule|ua1[62] ; clk50        ; clk50       ; 20.000       ; -1.707     ; 10.876     ;
; 7.263 ; screener_top:u_screener|rule_engine:u_rule|altsyncram:sk0_rtl_0|altsyncram_4dn1:auto_generated|ram_block1a40~PORT_B_WRITE_ENABLE_REG ; screener_top:u_screener|rule_engine:u_rule|ua0[60] ; clk50        ; clk50       ; 20.000       ; -1.551     ; 11.016     ;
+-------+--------------------------------------------------------------------------------------------------------------------------------------+----------------------------------------------------+--------------+-------------+--------------+------------+------------+


+-------------------------------------------------------------------------------------------------------------------------------------------------------------------------------------------------------------------------------------+
; Slow 1100mV -40C Model Hold: 'clk50'                                                                                                                                                                                                ;
+-------+---------------------------------------------------------------------------+---------------------------------------------------------------------------+--------------+-------------+--------------+------------+------------+
; Slack ; From Node                                                                 ; To Node                                                                   ; Launch Clock ; Latch Clock ; Relationship ; Clock Skew ; Data Delay ;
+-------+---------------------------------------------------------------------------+---------------------------------------------------------------------------+--------------+-------------+--------------+------------+------------+
; 0.244 ; screener_top:u_screener|hmac_engine:u_hmac|sha256_core:u_core|h_save[120] ; screener_top:u_screener|hmac_engine:u_hmac|sha256_core:u_core|digest[120] ; clk50        ; clk50       ; 0.000        ; 0.113      ; 0.357      ;
; 0.251 ; screener_top:u_screener|hmac_engine:u_hmac|sha256_core:u_core|h_save[117] ; screener_top:u_screener|hmac_engine:u_hmac|sha256_core:u_core|digest[117] ; clk50        ; clk50       ; 0.000        ; 0.114      ; 0.365      ;
; 0.257 ; screener_top:u_screener|hmac_engine:u_hmac|sha256_core:u_core|h_save[153] ; screener_top:u_screener|hmac_engine:u_hmac|sha256_core:u_core|digest[153] ; clk50        ; clk50       ; 0.000        ; 0.110      ; 0.367      ;
; 0.284 ; screener_top:u_screener|txn[105]                                          ; screener_top:u_screener|m_msg[105]                                        ; clk50        ; clk50       ; 0.000        ; 0.445      ; 0.729      ;
; 0.291 ; screener_top:u_screener|key_vault:u_vault|key[20]                         ; screener_top:u_screener|key_vault:u_vault|eng_msg[276]                    ; clk50        ; clk50       ; 0.000        ; 0.499      ; 0.790      ;
; 0.299 ; screener_top:u_screener|hmac_engine:u_hmac|sha256_core:u_core|f[31]       ; screener_top:u_screener|hmac_engine:u_hmac|sha256_core:u_core|digest[95]  ; clk50        ; clk50       ; 0.000        ; 0.118      ; 0.417      ;
; 0.300 ; screener_top:u_screener|txn[162]                                          ; screener_top:u_screener|m_msg[162]                                        ; clk50        ; clk50       ; 0.000        ; 0.582      ; 0.882      ;
; 0.302 ; screener_top:u_screener|hmac_engine:u_hmac|core_init[14]                  ; screener_top:u_screener|hmac_engine:u_hmac|sha256_core:u_core|h_save[14]  ; clk50        ; clk50       ; 0.000        ; 0.492      ; 0.794      ;
; 0.306 ; screener_top:u_screener|txn[130]                                          ; screener_top:u_screener|m_msg[130]                                        ; clk50        ; clk50       ; 0.000        ; 0.469      ; 0.775      ;
; 0.308 ; screener_top:u_screener|hmac_engine:u_hmac|msg_r[244]                     ; screener_top:u_screener|hmac_engine:u_hmac|core_blk[244]                  ; clk50        ; clk50       ; 0.000        ; 0.498      ; 0.806      ;
+-------+---------------------------------------------------------------------------+---------------------------------------------------------------------------+--------------+-------------+--------------+------------+------------+


+-----------------------------------------------------------------------------------------------------------------------------------------------+
; Slow 1100mV -40C Model Recovery: 'clk50'                                                                                                      ;
+--------+-------------+--------------------------------------------------+--------------+-------------+--------------+------------+------------+
; Slack  ; From Node   ; To Node                                          ; Launch Clock ; Latch Clock ; Relationship ; Clock Skew ; Data Delay ;
+--------+-------------+--------------------------------------------------+--------------+-------------+--------------+------------+------------+
; 12.163 ; rst_sync[2] ; screener_top:u_screener|m_msg[165]               ; clk50        ; clk50       ; 20.000       ; -0.485     ; 7.182      ;
; 12.169 ; rst_sync[2] ; screener_top:u_screener|m_msg[21]                ; clk50        ; clk50       ; 20.000       ; -0.480     ; 7.181      ;
; 12.170 ; rst_sync[2] ; screener_top:u_screener|token[72]                ; clk50        ; clk50       ; 20.000       ; -0.465     ; 7.195      ;
; 12.170 ; rst_sync[2] ; screener_top:u_screener|token[70]                ; clk50        ; clk50       ; 20.000       ; -0.466     ; 7.194      ;
; 12.170 ; rst_sync[2] ; screener_top:u_screener|res_seq[3]               ; clk50        ; clk50       ; 20.000       ; -0.465     ; 7.195      ;
; 12.170 ; rst_sync[2] ; screener_top:u_screener|res_seq[12]              ; clk50        ; clk50       ; 20.000       ; -0.465     ; 7.195      ;
; 12.170 ; rst_sync[2] ; screener_top:u_screener|res_seq[13]              ; clk50        ; clk50       ; 20.000       ; -0.466     ; 7.194      ;
; 12.170 ; rst_sync[2] ; screener_top:u_screener|res_seq[9]               ; clk50        ; clk50       ; 20.000       ; -0.465     ; 7.195      ;
; 12.175 ; rst_sync[2] ; screener_top:u_screener|audit_log:u_log|count[9] ; clk50        ; clk50       ; 20.000       ; -0.467     ; 7.188      ;
; 12.175 ; rst_sync[2] ; screener_top:u_screener|audit_log:u_log|head[55] ; clk50        ; clk50       ; 20.000       ; -0.473     ; 7.182      ;
+--------+-------------+--------------------------------------------------+--------------+-------------+--------------+------------+------------+


+-----------------------------------------------------------------------------------------------------------------------------------------------------+
; Slow 1100mV -40C Model Removal: 'clk50'                                                                                                             ;
+-------+-------------+---------------------------------------------------------+--------------+-------------+--------------+------------+------------+
; Slack ; From Node   ; To Node                                                 ; Launch Clock ; Latch Clock ; Relationship ; Clock Skew ; Data Delay ;
+-------+-------------+---------------------------------------------------------+--------------+-------------+--------------+------------+------------+
; 3.737 ; rst_sync[2] ; screener_top:u_screener|rule_engine:u_rule|cl_hi[9][13] ; clk50        ; clk50       ; 0.000        ; 0.557      ; 4.294      ;
; 3.737 ; rst_sync[2] ; screener_top:u_screener|rule_engine:u_rule|cl_hi[9][12] ; clk50        ; clk50       ; 0.000        ; 0.557      ; 4.294      ;
; 3.738 ; rst_sync[2] ; screener_top:u_screener|rule_engine:u_rule|cl_hi[2][28] ; clk50        ; clk50       ; 0.000        ; 0.556      ; 4.294      ;
; 3.738 ; rst_sync[2] ; screener_top:u_screener|rule_engine:u_rule|cl_hi[8][8]  ; clk50        ; clk50       ; 0.000        ; 0.555      ; 4.293      ;
; 3.738 ; rst_sync[2] ; screener_top:u_screener|rule_engine:u_rule|cl_hi[2][13] ; clk50        ; clk50       ; 0.000        ; 0.556      ; 4.294      ;
; 3.738 ; rst_sync[2] ; screener_top:u_screener|rule_engine:u_rule|cl_hi[2][6]  ; clk50        ; clk50       ; 0.000        ; 0.556      ; 4.294      ;
; 3.738 ; rst_sync[2] ; screener_top:u_screener|rule_engine:u_rule|cl_hi[8][6]  ; clk50        ; clk50       ; 0.000        ; 0.555      ; 4.293      ;
; 3.738 ; rst_sync[2] ; screener_top:u_screener|rule_engine:u_rule|cl_hi[2][4]  ; clk50        ; clk50       ; 0.000        ; 0.556      ; 4.294      ;
; 3.738 ; rst_sync[2] ; screener_top:u_screener|rule_engine:u_rule|cl_hi[12][1] ; clk50        ; clk50       ; 0.000        ; 0.555      ; 4.293      ;
; 3.738 ; rst_sync[2] ; screener_top:u_screener|rule_engine:u_rule|cl_hi[2][1]  ; clk50        ; clk50       ; 0.000        ; 0.556      ; 4.294      ;
+-------+-------------+---------------------------------------------------------+--------------+-------------+--------------+------------+------------+


------------------------------------------------
; Slow 1100mV -40C Model Metastability Summary ;
------------------------------------------------
The design MTBF is not calculated because there are no specified synchronizers in the design.
Number of Synchronizer Chains Found: 3
Shortest Synchronizer Chain: 2 Registers
Fraction of Chains for which MTBFs Could Not be Calculated: 1.000
Worst Case Available Settling Time: 30.098 ns




+--------------------------------------+
; Fast 1100mV 100C Model Setup Summary ;
+-------+--------+---------------------+
; Clock ; Slack  ; End Point TNS       ;
+-------+--------+---------------------+
; clk50 ; 11.922 ; 0.000               ;
+-------+--------+---------------------+


+-------------------------------------+
; Fast 1100mV 100C Model Hold Summary ;
+-------+-------+---------------------+
; Clock ; Slack ; End Point TNS       ;
+-------+-------+---------------------+
; clk50 ; 0.145 ; 0.000               ;
+-------+-------+---------------------+


+-----------------------------------------+
; Fast 1100mV 100C Model Recovery Summary ;
+-------+--------+------------------------+
; Clock ; Slack  ; End Point TNS          ;
+-------+--------+------------------------+
; clk50 ; 15.922 ; 0.000                  ;
+-------+--------+------------------------+


+----------------------------------------+
; Fast 1100mV 100C Model Removal Summary ;
+-------+-------+------------------------+
; Clock ; Slack ; End Point TNS          ;
+-------+-------+------------------------+
; clk50 ; 1.986 ; 0.000                  ;
+-------+-------+------------------------+


+----------------------------------------------------+
; Fast 1100mV 100C Model Minimum Pulse Width Summary ;
+-------+-------+------------------------------------+
; Clock ; Slack ; End Point TNS                      ;
+-------+-------+------------------------------------+
; clk50 ; 8.486 ; 0.000                              ;
+-------+-------+------------------------------------+


+----------------------------------------------------------------------------------------------------------------------------------------------------------------------------+
; Fast 1100mV 100C Model Setup: 'clk50'                                                                                                                                      ;
+--------+-----------------------------------+---------------------------------------------------------+--------------+-------------+--------------+------------+------------+
; Slack  ; From Node                         ; To Node                                                 ; Launch Clock ; Latch Clock ; Relationship ; Clock Skew ; Data Delay ;
+--------+-----------------------------------+---------------------------------------------------------+--------------+-------------+--------------+------------+------------+
; 11.922 ; uart_bridge:u_bridge|writedata[8] ; screener_top:u_screener|key_vault:u_vault|tok_ipad[245] ; clk50        ; clk50       ; 20.000       ; -0.235     ; 7.673      ;
; 11.922 ; uart_bridge:u_bridge|writedata[8] ; screener_top:u_screener|key_vault:u_vault|tok_opad[241] ; clk50        ; clk50       ; 20.000       ; -0.235     ; 7.673      ;
; 11.923 ; uart_bridge:u_bridge|writedata[8] ; screener_top:u_screener|key_vault:u_vault|tok_opad[237] ; clk50        ; clk50       ; 20.000       ; -0.235     ; 7.672      ;
; 11.923 ; uart_bridge:u_bridge|writedata[8] ; screener_top:u_screener|key_vault:u_vault|tok_opad[245] ; clk50        ; clk50       ; 20.000       ; -0.234     ; 7.673      ;
; 11.923 ; uart_bridge:u_bridge|writedata[8] ; screener_top:u_screener|key_vault:u_vault|tok_opad[246] ; clk50        ; clk50       ; 20.000       ; -0.234     ; 7.673      ;
; 11.923 ; uart_bridge:u_bridge|writedata[8] ; screener_top:u_screener|key_vault:u_vault|tok_ipad[239] ; clk50        ; clk50       ; 20.000       ; -0.236     ; 7.671      ;
; 11.953 ; uart_bridge:u_bridge|writedata[8] ; screener_top:u_screener|key_vault:u_vault|tok_ipad[253] ; clk50        ; clk50       ; 20.000       ; -0.232     ; 7.645      ;
; 11.953 ; uart_bridge:u_bridge|writedata[8] ; screener_top:u_screener|key_vault:u_vault|tok_ipad[152] ; clk50        ; clk50       ; 20.000       ; -0.233     ; 7.644      ;
; 11.953 ; uart_bridge:u_bridge|writedata[8] ; screener_top:u_screener|key_vault:u_vault|tok_ipad[225] ; clk50        ; clk50       ; 20.000       ; -0.232     ; 7.645      ;
; 11.953 ; uart_bridge:u_bridge|writedata[8] ; screener_top:u_screener|key_vault:u_vault|tok_opad[239] ; clk50        ; clk50       ; 20.000       ; -0.233     ; 7.644      ;
+--------+-----------------------------------+---------------------------------------------------------+--------------+-------------+--------------+------------+------------+


+-------------------------------------------------------------------------------------------------------------------------------------------------------------------------------------------------------------------------------------+
; Fast 1100mV 100C Model Hold: 'clk50'                                                                                                                                                                                                ;
+-------+---------------------------------------------------------------------------+---------------------------------------------------------------------------+--------------+-------------+--------------+------------+------------+
; Slack ; From Node                                                                 ; To Node                                                                   ; Launch Clock ; Latch Clock ; Relationship ; Clock Skew ; Data Delay ;
+-------+---------------------------------------------------------------------------+---------------------------------------------------------------------------+--------------+-------------+--------------+------------+------------+
; 0.145 ; screener_top:u_screener|hmac_engine:u_hmac|sha256_core:u_core|h_save[120] ; screener_top:u_screener|hmac_engine:u_hmac|sha256_core:u_core|digest[120] ; clk50        ; clk50       ; 0.000        ; 0.042      ; 0.187      ;
; 0.150 ; screener_top:u_screener|hmac_engine:u_hmac|sha256_core:u_core|h_save[117] ; screener_top:u_screener|hmac_engine:u_hmac|sha256_core:u_core|digest[117] ; clk50        ; clk50       ; 0.000        ; 0.043      ; 0.193      ;
; 0.154 ; screener_top:u_screener|hmac_engine:u_hmac|sha256_core:u_core|h_save[153] ; screener_top:u_screener|hmac_engine:u_hmac|sha256_core:u_core|digest[153] ; clk50        ; clk50       ; 0.000        ; 0.041      ; 0.195      ;
; 0.165 ; screener_top:u_screener|hmac_engine:u_hmac|sha256_core:u_core|f[31]       ; screener_top:u_screener|hmac_engine:u_hmac|sha256_core:u_core|digest[95]  ; clk50        ; clk50       ; 0.000        ; 0.044      ; 0.209      ;
; 0.172 ; screener_top:u_screener|hmac_engine:u_hmac|sha256_core:u_core|h_save[111] ; screener_top:u_screener|hmac_engine:u_hmac|sha256_core:u_core|digest[111] ; clk50        ; clk50       ; 0.000        ; 0.035      ; 0.207      ;
; 0.179 ; uart_bridge:u_bridge|nsend[1]                                             ; uart_bridge:u_bridge|nsend[1]                                             ; clk50        ; clk50       ; 0.000        ; 0.038      ; 0.217      ;
; 0.180 ; uart_bridge:u_bridge|rx_bit[3]                                            ; uart_bridge:u_bridge|rx_bit[3]~DUPLICATE                                  ; clk50        ; clk50       ; 0.000        ; 0.037      ; 0.217      ;
; 0.180 ; screener_top:u_screener|hmac_engine:u_hmac|sha256_core:u_core|f[21]       ; screener_top:u_screener|hmac_engine:u_hmac|sha256_core:u_core|digest[85]  ; clk50        ; clk50       ; 0.000        ; 0.045      ; 0.225      ;
; 0.180 ; screener_top:u_screener|hmac_engine:u_hmac|sha256_core:u_core|h_save[16]  ; screener_top:u_screener|hmac_engine:u_hmac|sha256_core:u_core|digest[16]  ; clk50        ; clk50       ; 0.000        ; 0.031      ; 0.211      ;
; 0.180 ; screener_top:u_screener|key_vault:u_vault|key[178]                        ; screener_top:u_screener|key_vault:u_vault|eng_msg[434]                    ; clk50        ; clk50       ; 0.000        ; 0.242      ; 0.422      ;
+-------+---------------------------------------------------------------------------+---------------------------------------------------------------------------+--------------+-------------+--------------+------------+------------+


+-----------------------------------------------------------------------------------------------------------------------------------+
; Fast 1100mV 100C Model Recovery: 'clk50'                                                                                          ;
+--------+-------------+--------------------------------------+--------------+-------------+--------------+------------+------------+
; Slack  ; From Node   ; To Node                              ; Launch Clock ; Latch Clock ; Relationship ; Clock Skew ; Data Delay ;
+--------+-------------+--------------------------------------+--------------+-------------+--------------+------------+------------+
; 15.922 ; rst_sync[2] ; screener_top:u_screener|m_msg[165]   ; clk50        ; clk50       ; 20.000       ; -0.207     ; 3.701      ;
; 15.922 ; rst_sync[2] ; screener_top:u_screener|m_msg[21]    ; clk50        ; clk50       ; 20.000       ; -0.207     ; 3.701      ;
; 15.926 ; rst_sync[2] ; screener_top:u_screener|token[70]    ; clk50        ; clk50       ; 20.000       ; -0.199     ; 3.705      ;
; 15.926 ; rst_sync[2] ; uart_bridge:u_bridge|resp[27]        ; clk50        ; clk50       ; 20.000       ; -0.204     ; 3.700      ;
; 15.926 ; rst_sync[2] ; uart_bridge:u_bridge|resp[11]        ; clk50        ; clk50       ; 20.000       ; -0.204     ; 3.700      ;
; 15.926 ; rst_sync[2] ; uart_bridge:u_bridge|resp[28]        ; clk50        ; clk50       ; 20.000       ; -0.204     ; 3.700      ;
; 15.926 ; rst_sync[2] ; screener_top:u_screener|readdata[22] ; clk50        ; clk50       ; 20.000       ; -0.204     ; 3.700      ;
; 15.926 ; rst_sync[2] ; screener_top:u_screener|readdata[23] ; clk50        ; clk50       ; 20.000       ; -0.204     ; 3.700      ;
; 15.926 ; rst_sync[2] ; uart_bridge:u_bridge|resp[29]        ; clk50        ; clk50       ; 20.000       ; -0.204     ; 3.700      ;
; 15.926 ; rst_sync[2] ; screener_top:u_screener|readdata[21] ; clk50        ; clk50       ; 20.000       ; -0.204     ; 3.700      ;
+--------+-------------+--------------------------------------+--------------+-------------+--------------+------------+------------+


+-----------------------------------------------------------------------------------------------------------------------------------------------------+
; Fast 1100mV 100C Model Removal: 'clk50'                                                                                                             ;
+-------+-------------+---------------------------------------------------------+--------------+-------------+--------------+------------+------------+
; Slack ; From Node   ; To Node                                                 ; Launch Clock ; Latch Clock ; Relationship ; Clock Skew ; Data Delay ;
+-------+-------------+---------------------------------------------------------+--------------+-------------+--------------+------------+------------+
; 1.986 ; rst_sync[2] ; uart_bridge:u_bridge|rx_s[0]                            ; clk50        ; clk50       ; 0.000        ; 0.245      ; 2.231      ;
; 1.987 ; rst_sync[2] ; screener_top:u_screener|rule_engine:u_rule|ph.00        ; clk50        ; clk50       ; 0.000        ; 0.218      ; 2.205      ;
; 1.987 ; rst_sync[2] ; screener_top:u_screener|rule_engine:u_rule|pend         ; clk50        ; clk50       ; 0.000        ; 0.219      ; 2.206      ;
; 1.987 ; rst_sync[2] ; screener_top:u_screener|rule_engine:u_rule|cl_hi[8][8]  ; clk50        ; clk50       ; 0.000        ; 0.248      ; 2.235      ;
; 1.987 ; rst_sync[2] ; screener_top:u_screener|rule_engine:u_rule|cl_hi[2][13] ; clk50        ; clk50       ; 0.000        ; 0.250      ; 2.237      ;
; 1.987 ; rst_sync[2] ; screener_top:u_screener|rule_engine:u_rule|cl_hi[2][6]  ; clk50        ; clk50       ; 0.000        ; 0.250      ; 2.237      ;
; 1.987 ; rst_sync[2] ; screener_top:u_screener|rule_engine:u_rule|cl_hi[8][6]  ; clk50        ; clk50       ; 0.000        ; 0.248      ; 2.235      ;
; 1.987 ; rst_sync[2] ; screener_top:u_screener|rule_engine:u_rule|e_hi[4]      ; clk50        ; clk50       ; 0.000        ; 0.245      ; 2.232      ;
; 1.987 ; rst_sync[2] ; screener_top:u_screener|rule_engine:u_rule|cl_hi[12][3] ; clk50        ; clk50       ; 0.000        ; 0.247      ; 2.234      ;
; 1.987 ; rst_sync[2] ; screener_top:u_screener|rule_engine:u_rule|cl_hi[12][1] ; clk50        ; clk50       ; 0.000        ; 0.248      ; 2.235      ;
+-------+-------------+---------------------------------------------------------+--------------+-------------+--------------+------------+------------+


------------------------------------------------
; Fast 1100mV 100C Model Metastability Summary ;
------------------------------------------------
The design MTBF is not calculated because there are no specified synchronizers in the design.
Number of Synchronizer Chains Found: 3
Shortest Synchronizer Chain: 2 Registers
Fraction of Chains for which MTBFs Could Not be Calculated: 1.000
Worst Case Available Settling Time: 33.753 ns




+--------------------------------------+
; Fast 1100mV -40C Model Setup Summary ;
+-------+--------+---------------------+
; Clock ; Slack  ; End Point TNS       ;
+-------+--------+---------------------+
; clk50 ; 13.473 ; 0.000               ;
+-------+--------+---------------------+


+-------------------------------------+
; Fast 1100mV -40C Model Hold Summary ;
+-------+-------+---------------------+
; Clock ; Slack ; End Point TNS       ;
+-------+-------+---------------------+
; clk50 ; 0.121 ; 0.000               ;
+-------+-------+---------------------+


+-----------------------------------------+
; Fast 1100mV -40C Model Recovery Summary ;
+-------+--------+------------------------+
; Clock ; Slack  ; End Point TNS          ;
+-------+--------+------------------------+
; clk50 ; 16.263 ; 0.000                  ;
+-------+--------+------------------------+


+----------------------------------------+
; Fast 1100mV -40C Model Removal Summary ;
+-------+-------+------------------------+
; Clock ; Slack ; End Point TNS          ;
+-------+-------+------------------------+
; clk50 ; 1.809 ; 0.000                  ;
+-------+-------+------------------------+


+----------------------------------------------------+
; Fast 1100mV -40C Model Minimum Pulse Width Summary ;
+-------+-------+------------------------------------+
; Clock ; Slack ; End Point TNS                      ;
+-------+-------+------------------------------------+
; clk50 ; 8.417 ; 0.000                              ;
+-------+-------+------------------------------------+


+----------------------------------------------------------------------------------------------------------------------------------------------------------------------------+
; Fast 1100mV -40C Model Setup: 'clk50'                                                                                                                                      ;
+--------+-----------------------------------+---------------------------------------------------------+--------------+-------------+--------------+------------+------------+
; Slack  ; From Node                         ; To Node                                                 ; Launch Clock ; Latch Clock ; Relationship ; Clock Skew ; Data Delay ;
+--------+-----------------------------------+---------------------------------------------------------+--------------+-------------+--------------+------------+------------+
; 13.473 ; uart_bridge:u_bridge|writedata[8] ; screener_top:u_screener|key_vault:u_vault|tok_opad[237] ; clk50        ; clk50       ; 20.000       ; -0.228     ; 6.129      ;
; 13.473 ; uart_bridge:u_bridge|writedata[8] ; screener_top:u_screener|key_vault:u_vault|tok_ipad[245] ; clk50        ; clk50       ; 20.000       ; -0.228     ; 6.129      ;
; 13.473 ; uart_bridge:u_bridge|writedata[8] ; screener_top:u_screener|key_vault:u_vault|tok_opad[245] ; clk50        ; clk50       ; 20.000       ; -0.227     ; 6.130      ;
; 13.473 ; uart_bridge:u_bridge|writedata[8] ; screener_top:u_screener|key_vault:u_vault|tok_opad[246] ; clk50        ; clk50       ; 20.000       ; -0.227     ; 6.130      ;
; 13.473 ; uart_bridge:u_bridge|writedata[8] ; screener_top:u_screener|key_vault:u_vault|tok_ipad[239] ; clk50        ; clk50       ; 20.000       ; -0.229     ; 6.128      ;
; 13.473 ; uart_bridge:u_bridge|writedata[8] ; screener_top:u_screener|key_vault:u_vault|tok_opad[241] ; clk50        ; clk50       ; 20.000       ; -0.228     ; 6.129      ;
; 13.498 ; uart_bridge:u_bridge|writedata[8] ; screener_top:u_screener|key_vault:u_vault|tok_ipad[253] ; clk50        ; clk50       ; 20.000       ; -0.225     ; 6.107      ;
; 13.498 ; uart_bridge:u_bridge|writedata[8] ; screener_top:u_screener|key_vault:u_vault|tok_ipad[225] ; clk50        ; clk50       ; 20.000       ; -0.225     ; 6.107      ;
; 13.499 ; uart_bridge:u_bridge|writedata[8] ; screener_top:u_screener|key_vault:u_vault|tok_ipad[237] ; clk50        ; clk50       ; 20.000       ; -0.227     ; 6.104      ;
; 13.499 ; uart_bridge:u_bridge|writedata[8] ; screener_top:u_screener|key_vault:u_vault|tok_opad[233] ; clk50        ; clk50       ; 20.000       ; -0.227     ; 6.104      ;
+--------+-----------------------------------+---------------------------------------------------------+--------------+-------------+--------------+------------+------------+


+----------------------------------------------------------------------------------------------------------------------------------------------------------------------------------------------------------------------------------------------------------------------------------------+
; Fast 1100mV -40C Model Hold: 'clk50'                                                                                                                                                                                                                                                   ;
+-------+---------------------------------------------------------------------------+------------------------------------------------------------------------------------------------------------------------------+--------------+-------------+--------------+------------+------------+
; Slack ; From Node                                                                 ; To Node                                                                                                                      ; Launch Clock ; Latch Clock ; Relationship ; Clock Skew ; Data Delay ;
+-------+---------------------------------------------------------------------------+------------------------------------------------------------------------------------------------------------------------------+--------------+-------------+--------------+------------+------------+
; 0.121 ; screener_top:u_screener|key_vault:u_vault|key[178]                        ; screener_top:u_screener|key_vault:u_vault|eng_msg[434]                                                                       ; clk50        ; clk50       ; 0.000        ; 0.235      ; 0.356      ;
; 0.127 ; screener_top:u_screener|hmac_engine:u_hmac|sha256_core:u_core|h_save[120] ; screener_top:u_screener|hmac_engine:u_hmac|sha256_core:u_core|digest[120]                                                    ; clk50        ; clk50       ; 0.000        ; 0.035      ; 0.162      ;
; 0.130 ; screener_top:u_screener|token[52]                                         ; screener_top:u_screener|audit_log:u_log|altsyncram:mem_rtl_0|altsyncram_s9n1:auto_generated|ram_block1a1~porta_datain_reg7   ; clk50        ; clk50       ; 0.000        ; 0.341      ; 0.471      ;
; 0.131 ; screener_top:u_screener|hmac_engine:u_hmac|sha256_core:u_core|h_save[117] ; screener_top:u_screener|hmac_engine:u_hmac|sha256_core:u_core|digest[117]                                                    ; clk50        ; clk50       ; 0.000        ; 0.036      ; 0.167      ;
; 0.132 ; screener_top:u_screener|hmac_engine:u_hmac|sha256_core:u_core|h_save[153] ; screener_top:u_screener|hmac_engine:u_hmac|sha256_core:u_core|digest[153]                                                    ; clk50        ; clk50       ; 0.000        ; 0.036      ; 0.168      ;
; 0.138 ; screener_top:u_screener|token[241]                                        ; screener_top:u_screener|audit_log:u_log|altsyncram:mem_rtl_0|altsyncram_s9n1:auto_generated|ram_block1a16~porta_datain_reg29 ; clk50        ; clk50       ; 0.000        ; 0.143      ; 0.281      ;
; 0.140 ; screener_top:u_screener|token[112]                                        ; screener_top:u_screener|audit_log:u_log|altsyncram:mem_rtl_0|altsyncram_s9n1:auto_generated|ram_block1a16~porta_datain_reg12 ; clk50        ; clk50       ; 0.000        ; 0.338      ; 0.478      ;
; 0.142 ; screener_top:u_screener|hmac_engine:u_hmac|sha256_core:u_core|f[31]       ; screener_top:u_screener|hmac_engine:u_hmac|sha256_core:u_core|digest[95]                                                     ; clk50        ; clk50       ; 0.000        ; 0.038      ; 0.180      ;
; 0.144 ; screener_top:u_screener|token[101]                                        ; screener_top:u_screener|audit_log:u_log|altsyncram:mem_rtl_0|altsyncram_s9n1:auto_generated|ram_block1a4~porta_datain_reg14  ; clk50        ; clk50       ; 0.000        ; 0.346      ; 0.490      ;
; 0.146 ; screener_top:u_screener|token[16]                                         ; screener_top:u_screener|audit_log:u_log|altsyncram:mem_rtl_0|altsyncram_s9n1:auto_generated|ram_block1a16~porta_datain_reg0  ; clk50        ; clk50       ; 0.000        ; 0.145      ; 0.291      ;
+-------+---------------------------------------------------------------------------+------------------------------------------------------------------------------------------------------------------------------+--------------+-------------+--------------+------------+------------+


+------------------------------------------------------------------------------------------------------------------------------------------+
; Fast 1100mV -40C Model Recovery: 'clk50'                                                                                                 ;
+--------+-------------+---------------------------------------------+--------------+-------------+--------------+------------+------------+
; Slack  ; From Node   ; To Node                                     ; Launch Clock ; Latch Clock ; Relationship ; Clock Skew ; Data Delay ;
+--------+-------------+---------------------------------------------+--------------+-------------+--------------+------------+------------+
; 16.263 ; rst_sync[2] ; screener_top:u_screener|m_msg[165]          ; clk50        ; clk50       ; 20.000       ; -0.201     ; 3.366      ;
; 16.264 ; rst_sync[2] ; screener_top:u_screener|m_msg[21]           ; clk50        ; clk50       ; 20.000       ; -0.201     ; 3.365      ;
; 16.267 ; rst_sync[2] ; uart_bridge:u_bridge|writedata[13]          ; clk50        ; clk50       ; 20.000       ; -0.199     ; 3.364      ;
; 16.267 ; rst_sync[2] ; uart_bridge:u_bridge|writedata[2]           ; clk50        ; clk50       ; 20.000       ; -0.199     ; 3.364      ;
; 16.267 ; rst_sync[2] ; uart_bridge:u_bridge|writedata[15]          ; clk50        ; clk50       ; 20.000       ; -0.200     ; 3.363      ;
; 16.267 ; rst_sync[2] ; uart_bridge:u_bridge|writedata[12]          ; clk50        ; clk50       ; 20.000       ; -0.199     ; 3.364      ;
; 16.267 ; rst_sync[2] ; uart_bridge:u_bridge|writedata[4]~DUPLICATE ; clk50        ; clk50       ; 20.000       ; -0.199     ; 3.364      ;
; 16.267 ; rst_sync[2] ; uart_bridge:u_bridge|writedata[17]          ; clk50        ; clk50       ; 20.000       ; -0.200     ; 3.363      ;
; 16.267 ; rst_sync[2] ; uart_bridge:u_bridge|writedata[25]          ; clk50        ; clk50       ; 20.000       ; -0.200     ; 3.363      ;
; 16.267 ; rst_sync[2] ; uart_bridge:u_bridge|writedata[22]          ; clk50        ; clk50       ; 20.000       ; -0.200     ; 3.363      ;
+--------+-------------+---------------------------------------------+--------------+-------------+--------------+------------+------------+


+------------------------------------------------------------------------------------------------------------------------------------------------------+
; Fast 1100mV -40C Model Removal: 'clk50'                                                                                                              ;
+-------+-------------+----------------------------------------------------------+--------------+-------------+--------------+------------+------------+
; Slack ; From Node   ; To Node                                                  ; Launch Clock ; Latch Clock ; Relationship ; Clock Skew ; Data Delay ;
+-------+-------------+----------------------------------------------------------+--------------+-------------+--------------+------------+------------+
; 1.809 ; rst_sync[2] ; uart_bridge:u_bridge|rx_s[0]                             ; clk50        ; clk50       ; 0.000        ; 0.239      ; 2.048      ;
; 1.809 ; rst_sync[2] ; screener_top:u_screener|rule_engine:u_rule|cl_hi[2][28]  ; clk50        ; clk50       ; 0.000        ; 0.241      ; 2.050      ;
; 1.809 ; rst_sync[2] ; screener_top:u_screener|rule_engine:u_rule|cl_hi[2][4]   ; clk50        ; clk50       ; 0.000        ; 0.241      ; 2.050      ;
; 1.809 ; rst_sync[2] ; screener_top:u_screener|rule_engine:u_rule|cl_hi[13][4]  ; clk50        ; clk50       ; 0.000        ; 0.235      ; 2.044      ;
; 1.809 ; rst_sync[2] ; screener_top:u_screener|rule_engine:u_rule|e_hi[1]       ; clk50        ; clk50       ; 0.000        ; 0.238      ; 2.047      ;
; 1.809 ; rst_sync[2] ; screener_top:u_screener|rule_engine:u_rule|cl_bm[13][15] ; clk50        ; clk50       ; 0.000        ; 0.235      ; 2.044      ;
; 1.809 ; rst_sync[2] ; screener_top:u_screener|rule_engine:u_rule|e_bm[0]       ; clk50        ; clk50       ; 0.000        ; 0.241      ; 2.050      ;
; 1.810 ; rst_sync[2] ; screener_top:u_screener|rule_engine:u_rule|pend          ; clk50        ; clk50       ; 0.000        ; 0.211      ; 2.021      ;
; 1.810 ; rst_sync[2] ; screener_top:u_screener|rule_engine:u_rule|cl_hi[8][8]   ; clk50        ; clk50       ; 0.000        ; 0.239      ; 2.049      ;
; 1.810 ; rst_sync[2] ; screener_top:u_screener|rule_engine:u_rule|cl_hi[2][13]  ; clk50        ; clk50       ; 0.000        ; 0.240      ; 2.050      ;
+-------+-------------+----------------------------------------------------------+--------------+-------------+--------------+------------+------------+


------------------------------------------------
; Fast 1100mV -40C Model Metastability Summary ;
------------------------------------------------
The design MTBF is not calculated because there are no specified synchronizers in the design.
Number of Synchronizer Chains Found: 3
Shortest Synchronizer Chain: 2 Registers
Fraction of Chains for which MTBFs Could Not be Calculated: 1.000
Worst Case Available Settling Time: 34.837 ns




+-----------------------------------------------------------------------------+
; Multicorner Timing Analysis Summary                                         ;
+------------------+-------+-------+----------+---------+---------------------+
; Clock            ; Setup ; Hold  ; Recovery ; Removal ; Minimum Pulse Width ;
+------------------+-------+-------+----------+---------+---------------------+
; Worst-case Slack ; 7.077 ; 0.121 ; 12.065   ; 1.809   ; 8.417               ;
;  clk50           ; 7.077 ; 0.121 ; 12.065   ; 1.809   ; 8.417               ;
; Design-wide TNS  ; 0.0   ; 0.0   ; 0.0      ; 0.0     ; 0.0                 ;
;  clk50           ; 0.000 ; 0.000 ; 0.000    ; 0.000   ; 0.000               ;
+------------------+-------+-------+----------+---------+---------------------+


+------------------------------------------------------------------------------------------------------------------------------------------------------------------------------------------------------------------------------------------------------------------------------------------------------------------------------------------------------------------------------------------------------------+
; Board Trace Model Assignments                                                                                                                                                                                                                                                                                                                                                                              ;
+---------+--------------+-------------------+-------------------------+-------------------------+---------------+---------------------+----------------+------------------+--------+------------------+------------------------+------------------------+--------------+---------------+-----------------+-------+---------------------+--------------------+---------------+-----------------+-------------+
; Pin     ; I/O Standard ; Near Tline Length ; Near Tline L per Length ; Near Tline C per Length ; Near Series R ; Near Differential R ; Near Pull-up R ; Near Pull-down R ; Near C ; Far Tline Length ; Far Tline L per Length ; Far Tline C per Length ; Far Series R ; Far Pull-up R ; Far Pull-down R ; Far C ; Termination Voltage ; Far Differential R ; EBD File Name ; EBD Signal Name ; EBD Far-end ;
+---------+--------------+-------------------+-------------------------+-------------------------+---------------+---------------------+----------------+------------------+--------+------------------+------------------------+------------------------+--------------+---------------+-----------------+-------+---------------------+--------------------+---------------+-----------------+-------------+
; LED[2]  ; 3.3-V LVTTL  ; 0 in              ; 0 H/in                  ; 0 F/in                  ; short         ; -                   ; open           ; open             ; open   ; 0 in             ; 0 H/in                 ; 0 F/in                 ; short        ; open          ; open            ; open  ; 0 V                 ; -                  ; n/a           ; n/a             ; n/a         ;
; LED[0]  ; 3.3-V LVTTL  ; 0 in              ; 0 H/in                  ; 0 F/in                  ; short         ; -                   ; open           ; open             ; open   ; 0 in             ; 0 H/in                 ; 0 F/in                 ; short        ; open          ; open            ; open  ; 0 V                 ; -                  ; n/a           ; n/a             ; n/a         ;
; LED[1]  ; 3.3-V LVTTL  ; 0 in              ; 0 H/in                  ; 0 F/in                  ; short         ; -                   ; open           ; open             ; open   ; 0 in             ; 0 H/in                 ; 0 F/in                 ; short        ; open          ; open            ; open  ; 0 V                 ; -                  ; n/a           ; n/a             ; n/a         ;
; LED[3]  ; 3.3-V LVTTL  ; 0 in              ; 0 H/in                  ; 0 F/in                  ; short         ; -                   ; open           ; open             ; open   ; 0 in             ; 0 H/in                 ; 0 F/in                 ; short        ; open          ; open            ; open  ; 0 V                 ; -                  ; n/a           ; n/a             ; n/a         ;
; LED[7]  ; 3.3-V LVTTL  ; 0 in              ; 0 H/in                  ; 0 F/in                  ; short         ; -                   ; open           ; open             ; open   ; 0 in             ; 0 H/in                 ; 0 F/in                 ; short        ; open          ; open            ; open  ; 0 V                 ; -                  ; n/a           ; n/a             ; n/a         ;
; UART_TX ; 3.3-V LVTTL  ; 0 in              ; 0 H/in                  ; 0 F/in                  ; short         ; -                   ; open           ; open             ; open   ; 0 in             ; 0 H/in                 ; 0 F/in                 ; short        ; open          ; open            ; open  ; 0 V                 ; -                  ; n/a           ; n/a             ; n/a         ;
; LED[4]  ; 3.3-V LVTTL  ; 0 in              ; 0 H/in                  ; 0 F/in                  ; short         ; -                   ; open           ; open             ; open   ; 0 in             ; 0 H/in                 ; 0 F/in                 ; short        ; open          ; open            ; open  ; 0 V                 ; -                  ; n/a           ; n/a             ; n/a         ;
; LED[5]  ; 3.3-V LVTTL  ; 0 in              ; 0 H/in                  ; 0 F/in                  ; short         ; -                   ; open           ; open             ; open   ; 0 in             ; 0 H/in                 ; 0 F/in                 ; short        ; open          ; open            ; open  ; 0 V                 ; -                  ; n/a           ; n/a             ; n/a         ;
; LED[6]  ; 3.3-V LVTTL  ; 0 in              ; 0 H/in                  ; 0 F/in                  ; short         ; -                   ; open           ; open             ; open   ; 0 in             ; 0 H/in                 ; 0 F/in                 ; short        ; open          ; open            ; open  ; 0 V                 ; -                  ; n/a           ; n/a             ; n/a         ;
+---------+--------------+-------------------+-------------------------+-------------------------+---------------+---------------------+----------------+------------------+--------+------------------+------------------------+------------------------+--------------+---------------+-----------------+-------+---------------------+--------------------+---------------+-----------------+-------------+


+-----------------------------------------------------------------+
; Input Transition Times                                          ;
+--------------+--------------+-----------------+-----------------+
; Pin          ; I/O Standard ; 10-90 Rise Time ; 90-10 Fall Time ;
+--------------+--------------+-----------------+-----------------+
; FPGA_CLK1_50 ; 3.3-V LVTTL  ; 2640 ps         ; 2640 ps         ;
; KEY[0]       ; 3.3-V LVTTL  ; 2640 ps         ; 2640 ps         ;
; KEY[1]       ; 3.3-V LVTTL  ; 2640 ps         ; 2640 ps         ;
; UART_RX      ; 3.3-V LVTTL  ; 2640 ps         ; 2640 ps         ;
+--------------+--------------+-----------------+-----------------+


+--------------------------------------------------------------------------------------------------------------------------------------------------------------------------------------------------------------------------------------------------------------------------------------------------------------------------------------------------------------------------------------------------------------------------------------------------------------------------------------------------------------------------------------------------------------------------------------------------------------------------------------------------------------------------------------+
; Signal Integrity Metrics (Slow 1100mv n40c Model)                                                                                                                                                                                                                                                                                                                                                                                                                                                                                                                                                                                                                                    ;
+---------+--------------+---------------------+---------------------+------------------------------+------------------------------+---------------------+---------------------+--------------------------------------+--------------------------------------+-----------------------------+-----------------------------+----------------------------+----------------------------+-----------------------------+-----------------------------+--------------------+--------------------+-------------------------------------+-------------------------------------+----------------------------+----------------------------+---------------------------+---------------------------+
; Pin     ; I/O Standard ; Board Delay on Rise ; Board Delay on Fall ; Steady State Voh at FPGA Pin ; Steady State Vol at FPGA Pin ; Voh Max at FPGA Pin ; Vol Min at FPGA Pin ; Ringback Voltage on Rise at FPGA Pin ; Ringback Voltage on Fall at FPGA Pin ; 10-90 Rise Time at FPGA Pin ; 90-10 Fall Time at FPGA Pin ; Monotonic Rise at FPGA Pin ; Monotonic Fall at FPGA Pin ; Steady State Voh at Far-end ; Steady State Vol at Far-end ; Voh Max at Far-end ; Vol Min at Far-end ; Ringback Voltage on Rise at Far-end ; Ringback Voltage on Fall at Far-end ; 10-90 Rise Time at Far-end ; 90-10 Fall Time at Far-end ; Monotonic Rise at Far-end ; Monotonic Fall at Far-end ;
+---------+--------------+---------------------+---------------------+------------------------------+------------------------------+---------------------+---------------------+--------------------------------------+--------------------------------------+-----------------------------+-----------------------------+----------------------------+----------------------------+-----------------------------+-----------------------------+--------------------+--------------------+-------------------------------------+-------------------------------------+----------------------------+----------------------------+---------------------------+---------------------------+
; LED[2]  ; 3.3-V LVTTL  ; 0 s                 ; 0 s                 ; 3.08 V                       ; 2e-08 V                      ; 3.17 V              ; -0.245 V            ; 0.166 V                              ; 0.398 V                              ; 4.33e-10 s                  ; 1.46e-10 s                  ; Yes                        ; No                         ; 3.08 V                      ; 2e-08 V                     ; 3.17 V             ; -0.245 V           ; 0.166 V                             ; 0.398 V                             ; 4.33e-10 s                 ; 1.46e-10 s                 ; Yes                       ; No                        ;
; LED[0]  ; 3.3-V LVTTL  ; 0 s                 ; 0 s                 ; 3.08 V                       ; 1.47e-08 V                   ; 3.11 V              ; -0.195 V            ; 0.108 V                              ; 0.32 V                               ; 4.03e-10 s                  ; 1.44e-10 s                  ; Yes                        ; No                         ; 3.08 V                      ; 1.47e-08 V                  ; 3.11 V             ; -0.195 V           ; 0.108 V                             ; 0.32 V                              ; 4.03e-10 s                 ; 1.44e-10 s                 ; Yes                       ; No                        ;
; LED[1]  ; 3.3-V LVTTL  ; 0 s                 ; 0 s                 ; 3.08 V                       ; 1.91e-08 V                   ; 3.17 V              ; -0.306 V            ; 0.142 V                              ; 0.425 V                              ; 4.17e-10 s                  ; 1.36e-10 s                  ; Yes                        ; No                         ; 3.08 V                      ; 1.91e-08 V                  ; 3.17 V             ; -0.306 V           ; 0.142 V                             ; 0.425 V                             ; 4.17e-10 s                 ; 1.36e-10 s                 ; Yes                       ; No                        ;
; LED[3]  ; 3.3-V LVTTL  ; 0 s                 ; 0 s                 ; 3.08 V                       ; 1.47e-08 V                   ; 3.11 V              ; -0.195 V            ; 0.108 V                              ; 0.32 V                               ; 4.03e-10 s                  ; 1.44e-10 s                  ; Yes                        ; No                         ; 3.08 V                      ; 1.47e-08 V                  ; 3.11 V             ; -0.195 V           ; 0.108 V                             ; 0.32 V                              ; 4.03e-10 s                 ; 1.44e-10 s                 ; Yes                       ; No                        ;
; LED[7]  ; 3.3-V LVTTL  ; 0 s                 ; 0 s                 ; 3.08 V                       ; 1.91e-08 V                   ; 3.17 V              ; -0.311 V            ; 0.143 V                              ; 0.424 V                              ; 4.17e-10 s                  ; 1.36e-10 s                  ; Yes                        ; No                         ; 3.08 V                      ; 1.91e-08 V                  ; 3.17 V             ; -0.311 V           ; 0.143 V                             ; 0.424 V                             ; 4.17e-10 s                 ; 1.36e-10 s                 ; Yes                       ; No                        ;
; UART_TX ; 3.3-V LVTTL  ; 0 s                 ; 0 s                 ; 3.08 V                       ; 1.91e-08 V                   ; 3.17 V              ; -0.306 V            ; 0.142 V                              ; 0.425 V                              ; 4.17e-10 s                  ; 1.36e-10 s                  ; Yes                        ; No                         ; 3.08 V                      ; 1.91e-08 V                  ; 3.17 V             ; -0.306 V           ; 0.142 V                             ; 0.425 V                             ; 4.17e-10 s                 ; 1.36e-10 s                 ; Yes                       ; No                        ;
; LED[4]  ; 3.3-V LVTTL  ; 0 s                 ; 0 s                 ; 3.08 V                       ; 1.91e-08 V                   ; 3.17 V              ; -0.306 V            ; 0.142 V                              ; 0.425 V                              ; 4.17e-10 s                  ; 1.36e-10 s                  ; Yes                        ; No                         ; 3.08 V                      ; 1.91e-08 V                  ; 3.17 V             ; -0.306 V           ; 0.142 V                             ; 0.425 V                             ; 4.17e-10 s                 ; 1.36e-10 s                 ; Yes                       ; No                        ;
; LED[5]  ; 3.3-V LVTTL  ; 0 s                 ; 0 s                 ; 3.08 V                       ; 1.91e-08 V                   ; 3.17 V              ; -0.311 V            ; 0.143 V                              ; 0.424 V                              ; 4.17e-10 s                  ; 1.36e-10 s                  ; Yes                        ; No                         ; 3.08 V                      ; 1.91e-08 V                  ; 3.17 V             ; -0.311 V           ; 0.143 V                             ; 0.424 V                             ; 4.17e-10 s                 ; 1.36e-10 s                 ; Yes                       ; No                        ;
; LED[6]  ; 3.3-V LVTTL  ; 0 s                 ; 0 s                 ; 3.08 V                       ; 2e-08 V                      ; 3.17 V              ; -0.245 V            ; 0.166 V                              ; 0.398 V                              ; 4.33e-10 s                  ; 1.46e-10 s                  ; Yes                        ; No                         ; 3.08 V                      ; 2e-08 V                     ; 3.17 V             ; -0.245 V           ; 0.166 V                             ; 0.398 V                             ; 4.33e-10 s                 ; 1.46e-10 s                 ; Yes                       ; No                        ;
+---------+--------------+---------------------+---------------------+------------------------------+------------------------------+---------------------+---------------------+--------------------------------------+--------------------------------------+-----------------------------+-----------------------------+----------------------------+----------------------------+-----------------------------+-----------------------------+--------------------+--------------------+-------------------------------------+-------------------------------------+----------------------------+----------------------------+---------------------------+---------------------------+


+--------------------------------------------------------------------------------------------------------------------------------------------------------------------------------------------------------------------------------------------------------------------------------------------------------------------------------------------------------------------------------------------------------------------------------------------------------------------------------------------------------------------------------------------------------------------------------------------------------------------------------------------------------------------------------------+
; Signal Integrity Metrics (Slow 1100mv 100c Model)                                                                                                                                                                                                                                                                                                                                                                                                                                                                                                                                                                                                                                    ;
+---------+--------------+---------------------+---------------------+------------------------------+------------------------------+---------------------+---------------------+--------------------------------------+--------------------------------------+-----------------------------+-----------------------------+----------------------------+----------------------------+-----------------------------+-----------------------------+--------------------+--------------------+-------------------------------------+-------------------------------------+----------------------------+----------------------------+---------------------------+---------------------------+
; Pin     ; I/O Standard ; Board Delay on Rise ; Board Delay on Fall ; Steady State Voh at FPGA Pin ; Steady State Vol at FPGA Pin ; Voh Max at FPGA Pin ; Vol Min at FPGA Pin ; Ringback Voltage on Rise at FPGA Pin ; Ringback Voltage on Fall at FPGA Pin ; 10-90 Rise Time at FPGA Pin ; 90-10 Fall Time at FPGA Pin ; Monotonic Rise at FPGA Pin ; Monotonic Fall at FPGA Pin ; Steady State Voh at Far-end ; Steady State Vol at Far-end ; Voh Max at Far-end ; Vol Min at Far-end ; Ringback Voltage on Rise at Far-end ; Ringback Voltage on Fall at Far-end ; 10-90 Rise Time at Far-end ; 90-10 Fall Time at Far-end ; Monotonic Rise at Far-end ; Monotonic Fall at Far-end ;
+---------+--------------+---------------------+---------------------+------------------------------+------------------------------+---------------------+---------------------+--------------------------------------+--------------------------------------+-----------------------------+-----------------------------+----------------------------+----------------------------+-----------------------------+-----------------------------+--------------------+--------------------+-------------------------------------+-------------------------------------+----------------------------+----------------------------+---------------------------+---------------------------+
; LED[2]  ; 3.3-V LVTTL  ; 0 s                 ; 0 s                 ; 3.08 V                       ; 3.87e-05 V                   ; 3.11 V              ; -0.0814 V           ; 0.131 V                              ; 0.136 V                              ; 5.88e-10 s                  ; 3.2e-10 s                   ; Yes                        ; Yes                        ; 3.08 V                      ; 3.87e-05 V                  ; 3.11 V             ; -0.0814 V          ; 0.131 V                             ; 0.136 V                             ; 5.88e-10 s                 ; 3.2e-10 s                  ; Yes                       ; Yes                       ;
; LED[0]  ; 3.3-V LVTTL  ; 0 s                 ; 0 s                 ; 3.08 V                       ; 3.09e-05 V                   ; 3.09 V              ; -0.0462 V           ; 0.045 V                              ; 0.085 V                              ; 5.49e-10 s                  ; 3.06e-10 s                  ; Yes                        ; Yes                        ; 3.08 V                      ; 3.09e-05 V                  ; 3.09 V             ; -0.0462 V          ; 0.045 V                             ; 0.085 V                             ; 5.49e-10 s                 ; 3.06e-10 s                 ; Yes                       ; Yes                       ;
; LED[1]  ; 3.3-V LVTTL  ; 0 s                 ; 0 s                 ; 3.08 V                       ; 3.73e-05 V                   ; 3.11 V              ; -0.104 V            ; 0.101 V                              ; 0.139 V                              ; 5.54e-10 s                  ; 3.16e-10 s                  ; Yes                        ; Yes                        ; 3.08 V                      ; 3.73e-05 V                  ; 3.11 V             ; -0.104 V           ; 0.101 V                             ; 0.139 V                             ; 5.54e-10 s                 ; 3.16e-10 s                 ; Yes                       ; Yes                       ;
; LED[3]  ; 3.3-V LVTTL  ; 0 s                 ; 0 s                 ; 3.08 V                       ; 3.09e-05 V                   ; 3.09 V              ; -0.0462 V           ; 0.045 V                              ; 0.085 V                              ; 5.49e-10 s                  ; 3.06e-10 s                  ; Yes                        ; Yes                        ; 3.08 V                      ; 3.09e-05 V                  ; 3.09 V             ; -0.0462 V          ; 0.045 V                             ; 0.085 V                             ; 5.49e-10 s                 ; 3.06e-10 s                 ; Yes                       ; Yes                       ;
; LED[7]  ; 3.3-V LVTTL  ; 0 s                 ; 0 s                 ; 3.08 V                       ; 3.73e-05 V                   ; 3.11 V              ; -0.105 V            ; 0.101 V                              ; 0.142 V                              ; 5.54e-10 s                  ; 3.16e-10 s                  ; Yes                        ; Yes                        ; 3.08 V                      ; 3.73e-05 V                  ; 3.11 V             ; -0.105 V           ; 0.101 V                             ; 0.142 V                             ; 5.54e-10 s                 ; 3.16e-10 s                 ; Yes                       ; Yes                       ;
; UART_TX ; 3.3-V LVTTL  ; 0 s                 ; 0 s                 ; 3.08 V                       ; 3.73e-05 V                   ; 3.11 V              ; -0.104 V            ; 0.101 V                              ; 0.139 V                              ; 5.54e-10 s                  ; 3.16e-10 s                  ; Yes                        ; Yes                        ; 3.08 V                      ; 3.73e-05 V                  ; 3.11 V             ; -0.104 V           ; 0.101 V                             ; 0.139 V                             ; 5.54e-10 s                 ; 3.16e-10 s                 ; Yes                       ; Yes                       ;
; LED[4]  ; 3.3-V LVTTL  ; 0 s                 ; 0 s                 ; 3.08 V                       ; 3.73e-05 V                   ; 3.11 V              ; -0.104 V            ; 0.101 V                              ; 0.139 V                              ; 5.54e-10 s                  ; 3.16e-10 s                  ; Yes                        ; Yes                        ; 3.08 V                      ; 3.73e-05 V                  ; 3.11 V             ; -0.104 V           ; 0.101 V                             ; 0.139 V                             ; 5.54e-10 s                 ; 3.16e-10 s                 ; Yes                       ; Yes                       ;
; LED[5]  ; 3.3-V LVTTL  ; 0 s                 ; 0 s                 ; 3.08 V                       ; 3.73e-05 V                   ; 3.11 V              ; -0.105 V            ; 0.101 V                              ; 0.142 V                              ; 5.54e-10 s                  ; 3.16e-10 s                  ; Yes                        ; Yes                        ; 3.08 V                      ; 3.73e-05 V                  ; 3.11 V             ; -0.105 V           ; 0.101 V                             ; 0.142 V                             ; 5.54e-10 s                 ; 3.16e-10 s                 ; Yes                       ; Yes                       ;
; LED[6]  ; 3.3-V LVTTL  ; 0 s                 ; 0 s                 ; 3.08 V                       ; 3.87e-05 V                   ; 3.11 V              ; -0.0814 V           ; 0.131 V                              ; 0.136 V                              ; 5.88e-10 s                  ; 3.2e-10 s                   ; Yes                        ; Yes                        ; 3.08 V                      ; 3.87e-05 V                  ; 3.11 V             ; -0.0814 V          ; 0.131 V                             ; 0.136 V                             ; 5.88e-10 s                 ; 3.2e-10 s                  ; Yes                       ; Yes                       ;
+---------+--------------+---------------------+---------------------+------------------------------+------------------------------+---------------------+---------------------+--------------------------------------+--------------------------------------+-----------------------------+-----------------------------+----------------------------+----------------------------+-----------------------------+-----------------------------+--------------------+--------------------+-------------------------------------+-------------------------------------+----------------------------+----------------------------+---------------------------+---------------------------+


+--------------------------------------------------------------------------------------------------------------------------------------------------------------------------------------------------------------------------------------------------------------------------------------------------------------------------------------------------------------------------------------------------------------------------------------------------------------------------------------------------------------------------------------------------------------------------------------------------------------------------------------------------------------------------------------+
; Signal Integrity Metrics (Fast 1100mv n40c Model)                                                                                                                                                                                                                                                                                                                                                                                                                                                                                                                                                                                                                                    ;
+---------+--------------+---------------------+---------------------+------------------------------+------------------------------+---------------------+---------------------+--------------------------------------+--------------------------------------+-----------------------------+-----------------------------+----------------------------+----------------------------+-----------------------------+-----------------------------+--------------------+--------------------+-------------------------------------+-------------------------------------+----------------------------+----------------------------+---------------------------+---------------------------+
; Pin     ; I/O Standard ; Board Delay on Rise ; Board Delay on Fall ; Steady State Voh at FPGA Pin ; Steady State Vol at FPGA Pin ; Voh Max at FPGA Pin ; Vol Min at FPGA Pin ; Ringback Voltage on Rise at FPGA Pin ; Ringback Voltage on Fall at FPGA Pin ; 10-90 Rise Time at FPGA Pin ; 90-10 Fall Time at FPGA Pin ; Monotonic Rise at FPGA Pin ; Monotonic Fall at FPGA Pin ; Steady State Voh at Far-end ; Steady State Vol at Far-end ; Voh Max at Far-end ; Vol Min at Far-end ; Ringback Voltage on Rise at Far-end ; Ringback Voltage on Fall at Far-end ; 10-90 Rise Time at Far-end ; 90-10 Fall Time at Far-end ; Monotonic Rise at Far-end ; Monotonic Fall at Far-end ;
+---------+--------------+---------------------+---------------------+------------------------------+------------------------------+---------------------+---------------------+--------------------------------------+--------------------------------------+-----------------------------+-----------------------------+----------------------------+----------------------------+-----------------------------+-----------------------------+--------------------+--------------------+-------------------------------------+-------------------------------------+----------------------------+----------------------------+---------------------------+---------------------------+
; LED[2]  ; 3.3-V LVTTL  ; 0 s                 ; 0 s                 ; 3.63 V                       ; 4.64e-07 V                   ; 3.74 V              ; -0.508 V            ; 0.391 V                              ; 0.647 V                              ; 3.08e-10 s                  ; 1.34e-10 s                  ; No                         ; No                         ; 3.63 V                      ; 4.64e-07 V                  ; 3.74 V             ; -0.508 V           ; 0.391 V                             ; 0.647 V                             ; 3.08e-10 s                 ; 1.34e-10 s                 ; No                        ; No                        ;
; LED[0]  ; 3.3-V LVTTL  ; 0 s                 ; 0 s                 ; 3.63 V                       ; 3.38e-07 V                   ; 3.67 V              ; -0.403 V            ; 0.084 V                              ; 0.542 V                              ; 3.5e-10 s                   ; 1.32e-10 s                  ; Yes                        ; No                         ; 3.63 V                      ; 3.38e-07 V                  ; 3.67 V             ; -0.403 V           ; 0.084 V                             ; 0.542 V                             ; 3.5e-10 s                  ; 1.32e-10 s                 ; Yes                       ; No                        ;
; LED[1]  ; 3.3-V LVTTL  ; 0 s                 ; 0 s                 ; 3.63 V                       ; 4.42e-07 V                   ; 3.75 V              ; -0.588 V            ; 0.329 V                              ; 0.704 V                              ; 2.77e-10 s                  ; 1.3e-10 s                   ; Yes                        ; No                         ; 3.63 V                      ; 4.42e-07 V                  ; 3.75 V             ; -0.588 V           ; 0.329 V                             ; 0.704 V                             ; 2.77e-10 s                 ; 1.3e-10 s                  ; Yes                       ; No                        ;
; LED[3]  ; 3.3-V LVTTL  ; 0 s                 ; 0 s                 ; 3.63 V                       ; 3.38e-07 V                   ; 3.67 V              ; -0.403 V            ; 0.084 V                              ; 0.542 V                              ; 3.5e-10 s                   ; 1.32e-10 s                  ; Yes                        ; No                         ; 3.63 V                      ; 3.38e-07 V                  ; 3.67 V             ; -0.403 V           ; 0.084 V                             ; 0.542 V                             ; 3.5e-10 s                  ; 1.32e-10 s                 ; Yes                       ; No                        ;
; LED[7]  ; 3.3-V LVTTL  ; 0 s                 ; 0 s                 ; 3.63 V                       ; 4.42e-07 V                   ; 3.75 V              ; -0.589 V            ; 0.329 V                              ; 0.706 V                              ; 2.77e-10 s                  ; 1.3e-10 s                   ; Yes                        ; No                         ; 3.63 V                      ; 4.42e-07 V                  ; 3.75 V             ; -0.589 V           ; 0.329 V                             ; 0.706 V                             ; 2.77e-10 s                 ; 1.3e-10 s                  ; Yes                       ; No                        ;
; UART_TX ; 3.3-V LVTTL  ; 0 s                 ; 0 s                 ; 3.63 V                       ; 4.42e-07 V                   ; 3.75 V              ; -0.588 V            ; 0.329 V                              ; 0.704 V                              ; 2.77e-10 s                  ; 1.3e-10 s                   ; Yes                        ; No                         ; 3.63 V                      ; 4.42e-07 V                  ; 3.75 V             ; -0.588 V           ; 0.329 V                             ; 0.704 V                             ; 2.77e-10 s                 ; 1.3e-10 s                  ; Yes                       ; No                        ;
; LED[4]  ; 3.3-V LVTTL  ; 0 s                 ; 0 s                 ; 3.63 V                       ; 4.42e-07 V                   ; 3.75 V              ; -0.588 V            ; 0.329 V                              ; 0.704 V                              ; 2.77e-10 s                  ; 1.3e-10 s                   ; Yes                        ; No                         ; 3.63 V                      ; 4.42e-07 V                  ; 3.75 V             ; -0.588 V           ; 0.329 V                             ; 0.704 V                             ; 2.77e-10 s                 ; 1.3e-10 s                  ; Yes                       ; No                        ;
; LED[5]  ; 3.3-V LVTTL  ; 0 s                 ; 0 s                 ; 3.63 V                       ; 4.42e-07 V                   ; 3.75 V              ; -0.589 V            ; 0.329 V                              ; 0.706 V                              ; 2.77e-10 s                  ; 1.3e-10 s                   ; Yes                        ; No                         ; 3.63 V                      ; 4.42e-07 V                  ; 3.75 V             ; -0.589 V           ; 0.329 V                             ; 0.706 V                             ; 2.77e-10 s                 ; 1.3e-10 s                  ; Yes                       ; No                        ;
; LED[6]  ; 3.3-V LVTTL  ; 0 s                 ; 0 s                 ; 3.63 V                       ; 4.64e-07 V                   ; 3.74 V              ; -0.508 V            ; 0.391 V                              ; 0.647 V                              ; 3.08e-10 s                  ; 1.34e-10 s                  ; No                         ; No                         ; 3.63 V                      ; 4.64e-07 V                  ; 3.74 V             ; -0.508 V           ; 0.391 V                             ; 0.647 V                             ; 3.08e-10 s                 ; 1.34e-10 s                 ; No                        ; No                        ;
+---------+--------------+---------------------+---------------------+------------------------------+------------------------------+---------------------+---------------------+--------------------------------------+--------------------------------------+-----------------------------+-----------------------------+----------------------------+----------------------------+-----------------------------+-----------------------------+--------------------+--------------------+-------------------------------------+-------------------------------------+----------------------------+----------------------------+---------------------------+---------------------------+


+--------------------------------------------------------------------------------------------------------------------------------------------------------------------------------------------------------------------------------------------------------------------------------------------------------------------------------------------------------------------------------------------------------------------------------------------------------------------------------------------------------------------------------------------------------------------------------------------------------------------------------------------------------------------------------------+
; Signal Integrity Metrics (Fast 1100mv 100c Model)                                                                                                                                                                                                                                                                                                                                                                                                                                                                                                                                                                                                                                    ;
+---------+--------------+---------------------+---------------------+------------------------------+------------------------------+---------------------+---------------------+--------------------------------------+--------------------------------------+-----------------------------+-----------------------------+----------------------------+----------------------------+-----------------------------+-----------------------------+--------------------+--------------------+-------------------------------------+-------------------------------------+----------------------------+----------------------------+---------------------------+---------------------------+
; Pin     ; I/O Standard ; Board Delay on Rise ; Board Delay on Fall ; Steady State Voh at FPGA Pin ; Steady State Vol at FPGA Pin ; Voh Max at FPGA Pin ; Vol Min at FPGA Pin ; Ringback Voltage on Rise at FPGA Pin ; Ringback Voltage on Fall at FPGA Pin ; 10-90 Rise Time at FPGA Pin ; 90-10 Fall Time at FPGA Pin ; Monotonic Rise at FPGA Pin ; Monotonic Fall at FPGA Pin ; Steady State Voh at Far-end ; Steady State Vol at Far-end ; Voh Max at Far-end ; Vol Min at Far-end ; Ringback Voltage on Rise at Far-end ; Ringback Voltage on Fall at Far-end ; 10-90 Rise Time at Far-end ; 90-10 Fall Time at Far-end ; Monotonic Rise at Far-end ; Monotonic Fall at Far-end ;
+---------+--------------+---------------------+---------------------+------------------------------+------------------------------+---------------------+---------------------+--------------------------------------+--------------------------------------+-----------------------------+-----------------------------+----------------------------+----------------------------+-----------------------------+-----------------------------+--------------------+--------------------+-------------------------------------+-------------------------------------+----------------------------+----------------------------+---------------------------+---------------------------+
; LED[2]  ; 3.3-V LVTTL  ; 0 s                 ; 0 s                 ; 3.63 V                       ; 0.000395 V                   ; 3.65 V              ; -0.232 V            ; 0.065 V                              ; 0.547 V                              ; 4.68e-10 s                  ; 2.07e-10 s                  ; Yes                        ; No                         ; 3.63 V                      ; 0.000395 V                  ; 3.65 V             ; -0.232 V           ; 0.065 V                             ; 0.547 V                             ; 4.68e-10 s                 ; 2.07e-10 s                 ; Yes                       ; No                        ;
; LED[0]  ; 3.3-V LVTTL  ; 0 s                 ; 0 s                 ; 3.63 V                       ; 0.000307 V                   ; 3.64 V              ; -0.165 V            ; 0.022 V                              ; 0.425 V                              ; 4.58e-10 s                  ; 2e-10 s                     ; Yes                        ; No                         ; 3.63 V                      ; 0.000307 V                  ; 3.64 V             ; -0.165 V           ; 0.022 V                             ; 0.425 V                             ; 4.58e-10 s                 ; 2e-10 s                    ; Yes                       ; No                        ;
; LED[1]  ; 3.3-V LVTTL  ; 0 s                 ; 0 s                 ; 3.63 V                       ; 0.000379 V                   ; 3.65 V              ; -0.289 V            ; 0.051 V                              ; 0.523 V                              ; 4.36e-10 s                  ; 1.95e-10 s                  ; Yes                        ; No                         ; 3.63 V                      ; 0.000379 V                  ; 3.65 V             ; -0.289 V           ; 0.051 V                             ; 0.523 V                             ; 4.36e-10 s                 ; 1.95e-10 s                 ; Yes                       ; No                        ;
; LED[3]  ; 3.3-V LVTTL  ; 0 s                 ; 0 s                 ; 3.63 V                       ; 0.000307 V                   ; 3.64 V              ; -0.165 V            ; 0.022 V                              ; 0.425 V                              ; 4.58e-10 s                  ; 2e-10 s                     ; Yes                        ; No                         ; 3.63 V                      ; 0.000307 V                  ; 3.64 V             ; -0.165 V           ; 0.022 V                             ; 0.425 V                             ; 4.58e-10 s                 ; 2e-10 s                    ; Yes                       ; No                        ;
; LED[7]  ; 3.3-V LVTTL  ; 0 s                 ; 0 s                 ; 3.63 V                       ; 0.000379 V                   ; 3.65 V              ; -0.292 V            ; 0.053 V                              ; 0.524 V                              ; 4.36e-10 s                  ; 1.95e-10 s                  ; Yes                        ; No                         ; 3.63 V                      ; 0.000379 V                  ; 3.65 V             ; -0.292 V           ; 0.053 V                             ; 0.524 V                             ; 4.36e-10 s                 ; 1.95e-10 s                 ; Yes                       ; No                        ;
; UART_TX ; 3.3-V LVTTL  ; 0 s                 ; 0 s                 ; 3.63 V                       ; 0.000379 V                   ; 3.65 V              ; -0.289 V            ; 0.051 V                              ; 0.523 V                              ; 4.36e-10 s                  ; 1.95e-10 s                  ; Yes                        ; No                         ; 3.63 V                      ; 0.000379 V                  ; 3.65 V             ; -0.289 V           ; 0.051 V                             ; 0.523 V                             ; 4.36e-10 s                 ; 1.95e-10 s                 ; Yes                       ; No                        ;
; LED[4]  ; 3.3-V LVTTL  ; 0 s                 ; 0 s                 ; 3.63 V                       ; 0.000379 V                   ; 3.65 V              ; -0.289 V            ; 0.051 V                              ; 0.523 V                              ; 4.36e-10 s                  ; 1.95e-10 s                  ; Yes                        ; No                         ; 3.63 V                      ; 0.000379 V                  ; 3.65 V             ; -0.289 V           ; 0.051 V                             ; 0.523 V                             ; 4.36e-10 s                 ; 1.95e-10 s                 ; Yes                       ; No                        ;
; LED[5]  ; 3.3-V LVTTL  ; 0 s                 ; 0 s                 ; 3.63 V                       ; 0.000379 V                   ; 3.65 V              ; -0.292 V            ; 0.053 V                              ; 0.524 V                              ; 4.36e-10 s                  ; 1.95e-10 s                  ; Yes                        ; No                         ; 3.63 V                      ; 0.000379 V                  ; 3.65 V             ; -0.292 V           ; 0.053 V                             ; 0.524 V                             ; 4.36e-10 s                 ; 1.95e-10 s                 ; Yes                       ; No                        ;
; LED[6]  ; 3.3-V LVTTL  ; 0 s                 ; 0 s                 ; 3.63 V                       ; 0.000395 V                   ; 3.65 V              ; -0.232 V            ; 0.065 V                              ; 0.547 V                              ; 4.68e-10 s                  ; 2.07e-10 s                  ; Yes                        ; No                         ; 3.63 V                      ; 0.000395 V                  ; 3.65 V             ; -0.232 V           ; 0.065 V                             ; 0.547 V                             ; 4.68e-10 s                 ; 2.07e-10 s                 ; Yes                       ; No                        ;
+---------+--------------+---------------------+---------------------+------------------------------+------------------------------+---------------------+---------------------+--------------------------------------+--------------------------------------+-----------------------------+-----------------------------+----------------------------+----------------------------+-----------------------------+-----------------------------+--------------------+--------------------+-------------------------------------+-------------------------------------+----------------------------+----------------------------+---------------------------+---------------------------+


+-------------------------------------------------------------------+
; Setup Transfers                                                   ;
+------------+----------+----------+----------+----------+----------+
; From Clock ; To Clock ; RR Paths ; FR Paths ; RF Paths ; FF Paths ;
+------------+----------+----------+----------+----------+----------+
; clk50      ; clk50    ; 4635471  ; 0        ; 0        ; 0        ;
+------------+----------+----------+----------+----------+----------+
Entries labeled "false path" only account for clock-to-clock false paths and not path-based false paths. As a result, actual path counts may be lower than reported.


+-------------------------------------------------------------------+
; Hold Transfers                                                    ;
+------------+----------+----------+----------+----------+----------+
; From Clock ; To Clock ; RR Paths ; FR Paths ; RF Paths ; FF Paths ;
+------------+----------+----------+----------+----------+----------+
; clk50      ; clk50    ; 4635471  ; 0        ; 0        ; 0        ;
+------------+----------+----------+----------+----------+----------+
Entries labeled "false path" only account for clock-to-clock false paths and not path-based false paths. As a result, actual path counts may be lower than reported.


+-------------------------------------------------------------------+
; Recovery Transfers                                                ;
+------------+----------+----------+----------+----------+----------+
; From Clock ; To Clock ; RR Paths ; FR Paths ; RF Paths ; FF Paths ;
+------------+----------+----------+----------+----------+----------+
; clk50      ; clk50    ; 11361    ; 0        ; 0        ; 0        ;
+------------+----------+----------+----------+----------+----------+
Entries labeled "false path" only account for clock-to-clock false paths and not path-based false paths. As a result, actual path counts may be lower than reported.


+-------------------------------------------------------------------+
; Removal Transfers                                                 ;
+------------+----------+----------+----------+----------+----------+
; From Clock ; To Clock ; RR Paths ; FR Paths ; RF Paths ; FF Paths ;
+------------+----------+----------+----------+----------+----------+
; clk50      ; clk50    ; 11361    ; 0        ; 0        ; 0        ;
+------------+----------+----------+----------+----------+----------+
Entries labeled "false path" only account for clock-to-clock false paths and not path-based false paths. As a result, actual path counts may be lower than reported.


---------------
; Report TCCS ;
---------------
No dedicated SERDES Transmitter circuitry present in device or used in design


---------------
; Report RSKM ;
---------------
No non-DPA dedicated SERDES Receiver circuitry present in device or used in design


+------------------------------------------------+
; Unconstrained Paths Summary                    ;
+---------------------------------+-------+------+
; Property                        ; Setup ; Hold ;
+---------------------------------+-------+------+
; Illegal Clocks                  ; 0     ; 0    ;
; Unconstrained Clocks            ; 0     ; 0    ;
; Unconstrained Input Ports       ; 0     ; 0    ;
; Unconstrained Input Port Paths  ; 0     ; 0    ;
; Unconstrained Output Ports      ; 0     ; 0    ;
; Unconstrained Output Port Paths ; 0     ; 0    ;
+---------------------------------+-------+------+


+-------------------------------------------+
; Clock Status Summary                      ;
+--------------+-------+------+-------------+
; Target       ; Clock ; Type ; Status      ;
+--------------+-------+------+-------------+
; FPGA_CLK1_50 ; clk50 ; Base ; Constrained ;
+--------------+-------+------+-------------+


+--------------------------+
; Timing Analyzer Messages ;
+--------------------------+
Info: *******************************************************************
Info: Running Quartus Prime Timing Analyzer
    Info: Version 24.1std.0 Build 1077 03/04/2025 SC Lite Edition
    Info: Processing started: Wed Oct  7 21:27:56 2026
Info: Command: quartus_sta screener -c screener
Info: qsta_default_script.tcl version: #1
Warning (18236): Number of processors has not been specified which may cause overloading on shared machines.  Set the global assignment NUM_PARALLEL_PROCESSORS in your QSF to an appropriate value for best performance.
Info (20030): Parallel compilation is enabled and will use 16 of the 16 processors detected
Info (21076): High junction temperature operating condition is not set. Assuming a default value of '100'.
Info (21076): Low junction temperature operating condition is not set. Assuming a default value of '-40'.
Info (332104): Reading SDC File: 'screener.sdc'
Info (332151): Clock uncertainty is not calculated until you update the timing netlist.
Info (332123): Deriving Clock Uncertainty. Please refer to report_sdc in the Timing Analyzer to see clock uncertainties.
Info: Found TIMING_ANALYZER_REPORT_SCRIPT_INCLUDE_DEFAULT_ANALYSIS = ON
Info: Analyzing Slow 1100mV 100C Model
Info (332146): Worst-case setup slack is 7.236
    Info (332119):     Slack       End Point TNS Clock 
    Info (332119): ========= =================== =====================
    Info (332119):     7.236               0.000 clk50 
Info (332146): Worst-case hold slack is 0.259
    Info (332119):     Slack       End Point TNS Clock 
    Info (332119): ========= =================== =====================
    Info (332119):     0.259               0.000 clk50 
Info (332146): Worst-case recovery slack is 12.065
    Info (332119):     Slack       End Point TNS Clock 
    Info (332119): ========= =================== =====================
    Info (332119):    12.065               0.000 clk50 
Info (332146): Worst-case removal slack is 3.773
    Info (332119):     Slack       End Point TNS Clock 
    Info (332119): ========= =================== =====================
    Info (332119):     3.773               0.000 clk50 
Info (332146): Worst-case minimum pulse width slack is 8.811
    Info (332119):     Slack       End Point TNS Clock 
    Info (332119): ========= =================== =====================
    Info (332119):     8.811               0.000 clk50 
Info (332114): Report Metastability: Found 3 synchronizer chains.
    Info (332114): The design MTBF is not calculated because there are no specified synchronizers in the design.
    Info (332114): Number of Synchronizer Chains Found: 3
    Info (332114): Shortest Synchronizer Chain: 2 Registers
    Info (332114): Fraction of Chains for which MTBFs Could Not be Calculated: 1.000
    Info (332114): Worst Case Available Settling Time: 29.666 ns
    Info (332114): 
Info: Analyzing Slow 1100mV -40C Model
Info (334003): Started post-fitting delay annotation
Info (334004): Delay annotation completed successfully
Info (332123): Deriving Clock Uncertainty. Please refer to report_sdc in the Timing Analyzer to see clock uncertainties.
Info (332146): Worst-case setup slack is 7.077
    Info (332119):     Slack       End Point TNS Clock 
    Info (332119): ========= =================== =====================
    Info (332119):     7.077               0.000 clk50 
Info (332146): Worst-case hold slack is 0.244
    Info (332119):     Slack       End Point TNS Clock 
    Info (332119): ========= =================== =====================
    Info (332119):     0.244               0.000 clk50 
Info (332146): Worst-case recovery slack is 12.163
    Info (332119):     Slack       End Point TNS Clock 
    Info (332119): ========= =================== =====================
    Info (332119):    12.163               0.000 clk50 
Info (332146): Worst-case removal slack is 3.737
    Info (332119):     Slack       End Point TNS Clock 
    Info (332119): ========= =================== =====================
    Info (332119):     3.737               0.000 clk50 
Info (332146): Worst-case minimum pulse width slack is 8.782
    Info (332119):     Slack       End Point TNS Clock 
    Info (332119): ========= =================== =====================
    Info (332119):     8.782               0.000 clk50 
Info (332114): Report Metastability: Found 3 synchronizer chains.
    Info (332114): The design MTBF is not calculated because there are no specified synchronizers in the design.
    Info (332114): Number of Synchronizer Chains Found: 3
    Info (332114): Shortest Synchronizer Chain: 2 Registers
    Info (332114): Fraction of Chains for which MTBFs Could Not be Calculated: 1.000
    Info (332114): Worst Case Available Settling Time: 30.098 ns
    Info (332114): 
Info: Analyzing Fast 1100mV 100C Model
Info (334003): Started post-fitting delay annotation
Info (334004): Delay annotation completed successfully
Info (332123): Deriving Clock Uncertainty. Please refer to report_sdc in the Timing Analyzer to see clock uncertainties.
Info (332146): Worst-case setup slack is 11.922
    Info (332119):     Slack       End Point TNS Clock 
    Info (332119): ========= =================== =====================
    Info (332119):    11.922               0.000 clk50 
Info (332146): Worst-case hold slack is 0.145
    Info (332119):     Slack       End Point TNS Clock 
    Info (332119): ========= =================== =====================
    Info (332119):     0.145               0.000 clk50 
Info (332146): Worst-case recovery slack is 15.922
    Info (332119):     Slack       End Point TNS Clock 
    Info (332119): ========= =================== =====================
    Info (332119):    15.922               0.000 clk50 
Info (332146): Worst-case removal slack is 1.986
    Info (332119):     Slack       End Point TNS Clock 
    Info (332119): ========= =================== =====================
    Info (332119):     1.986               0.000 clk50 
Info (332146): Worst-case minimum pulse width slack is 8.486
    Info (332119):     Slack       End Point TNS Clock 
    Info (332119): ========= =================== =====================
    Info (332119):     8.486               0.000 clk50 
Info (332114): Report Metastability: Found 3 synchronizer chains.
    Info (332114): The design MTBF is not calculated because there are no specified synchronizers in the design.
    Info (332114): Number of Synchronizer Chains Found: 3
    Info (332114): Shortest Synchronizer Chain: 2 Registers
    Info (332114): Fraction of Chains for which MTBFs Could Not be Calculated: 1.000
    Info (332114): Worst Case Available Settling Time: 33.753 ns
    Info (332114): 
Info: Analyzing Fast 1100mV -40C Model
Info (332123): Deriving Clock Uncertainty. Please refer to report_sdc in the Timing Analyzer to see clock uncertainties.
Info (332146): Worst-case setup slack is 13.473
    Info (332119):     Slack       End Point TNS Clock 
    Info (332119): ========= =================== =====================
    Info (332119):    13.473               0.000 clk50 
Info (332146): Worst-case hold slack is 0.121
    Info (332119):     Slack       End Point TNS Clock 
    Info (332119): ========= =================== =====================
    Info (332119):     0.121               0.000 clk50 
Info (332146): Worst-case recovery slack is 16.263
    Info (332119):     Slack       End Point TNS Clock 
    Info (332119): ========= =================== =====================
    Info (332119):    16.263               0.000 clk50 
Info (332146): Worst-case removal slack is 1.809
    Info (332119):     Slack       End Point TNS Clock 
    Info (332119): ========= =================== =====================
    Info (332119):     1.809               0.000 clk50 
Info (332146): Worst-case minimum pulse width slack is 8.417
    Info (332119):     Slack       End Point TNS Clock 
    Info (332119): ========= =================== =====================
    Info (332119):     8.417               0.000 clk50 
Info (332114): Report Metastability: Found 3 synchronizer chains.
    Info (332114): The design MTBF is not calculated because there are no specified synchronizers in the design.
    Info (332114): Number of Synchronizer Chains Found: 3
    Info (332114): Shortest Synchronizer Chain: 2 Registers
    Info (332114): Fraction of Chains for which MTBFs Could Not be Calculated: 1.000
    Info (332114): Worst Case Available Settling Time: 34.837 ns
    Info (332114): 
Info (332101): Design is fully constrained for setup requirements
Info (332101): Design is fully constrained for hold requirements
Info: Quartus Prime Timing Analyzer was successful. 0 errors, 1 warning
    Info: Peak virtual memory: 5721 megabytes
    Info: Processing ended: Wed Oct  7 21:28:24 2026
    Info: Elapsed time: 00:00:28
    Info: Total CPU time (on all processors): 00:01:46


